Completeness,Conciseness,cor.mean,cov.mean,eigenvalues.mean,g_mean.mean,h_mean.mean,iq_range.mean,kurtosis.mean,mad.mean,max.mean,mean.mean,median.mean,min.mean,nr_cor_attr,nr_norm,nr_outliers,range.mean,sd.mean,skewness.mean,sparsity.mean,t_mean.mean,var.mean,ClassImbRatio,ClassOverlapPerc,OutlierPerc,attr_to_inst,inst_to_attr,nr_attr,nr_bin,nr_inst,nr_num,attr_conc.mean,attr_ent.mean,LabelIssuesPerc,nUnique,ena,snr.mean,cEntropy,File,FeatureAlgo
0.0,0.0,0.22145255707748301,9179830.20829759,51284040.816397294,2477.4642743412,561.343206392369,5122.321428571428,42.3509448836494,2946.2439,61153.0,4746.954220779221,2885.35714285714,13.285714285714299,0.14285714285714302,0,6,61139.7142857143,5996.32526556532,4.20124566160724,0.04748813880350199,3260.35227272727,51284040.81639721,0.5,0.0022727272727270003,0.022727272727273,0.015909090909091,62.8571428571429,7,0,440,7,0.04199386012225601,2.5018213777118197,0.004545454545454545,2,1.93706784045799,1.30891177306475,0.9073226451896852,Wholesale customers data.csv,chisquare
0.0,0.0,0.15752563963874402,6.94521785869369,278.380145574514,44.998661777784605,44.2580755528953,11.2,0.06803056493599399,7.73232923076923,82.4,46.03603988603989,45.7923076923077,25.0,0.012820512820513002,0,7,57.4,8.43921680434283,0.422230770051345,0.234809300436888,45.7863722697056,278.380145574514,0.0,0.00026455026455,0.014814814814815,0.048148148148147996,20.7692307692308,13,3,270,13,0.037497642769682996,1.64671945702834,0.007407407407407408,2,-10.7350992272543,2.93961169173357,0.9910760598382221,statlog_heart.csv,chisquare
7.159999999999999e-05,0.016752577319588003,0.22374312974123395,37.248015916474706,613.3265816704061,1.9069797852905903,1.62327419934843,6.625735294117651,88.4907709213806,1.3073043529411799,219.09529411764703,6.277004790782289,2.41352941176471,1.34411764705882,0.08823529411764698,0,12,217.751176470588,13.0996118717296,6.044656019237349,0.18590459491521105,3.62899019187074,613.3265816704061,0.5,0.0,0.007731958762886998,0.021907216494845002,45.6470588235294,17,0,776,17,0.135982552503887,1.51648682291447,0.002577319587628866,2,-1.3329857618040701,2.5805671277317996,0.9534791915985441,trial.csv,GR
0.0,0.032586558044807,0.17689609769918804,0.517446253783891,8.559044483472231,4.70939326099198,4.487037818913049,2.55555555555556,0.9183728262208192,1.8120666666666696,9.33333333333333,5.45930451836766,5.44444444444445,2.22222222222222,0.055555555555556,0,5,7.1111111111111125,1.70111381511054,-0.135306103714201,0.28796977124183004,5.4581293157564295,8.559044483472231,0.33333333333333304,6.790000000000001e-05,0.011541072640869,0.006109979633401,163.666666666667,9,3,1473,9,0.032929623802237004,1.5913806805333799,0.0013577732518669384,3,-2.44993194502795,2.47325985747324,0.9710227103477141,contraceptivemulticlass.csv,chisquare
0.0,0.002321981424149,,7579314.88455333,2962563774.41752,,,2577.7083333333303,35.3196225861279,1395.99145,189126.94444444397,5558.62955796354,1436.27777777778,-5.0,0.045751633986928,3,12,189131.94444444397,14984.445925984699,3.6293070586083997,0.324437086354386,1663.29821735395,2962563774.41752,0.5,0.0017720384552710005,0.03482972136222899,0.006965944272446001,143.555555555556,18,3,2584,18,0.129169388983246,1.49269006534076,0.0007739938080495358,2,0.4428664654801021,0.390256634570009,0.350010592926885,seismic-bumps.csv,chisquare
0.0,0.0,,68.8162911511225,100774.312442192,149.556035147626,143.573536037035,58.849954901651294,15.6025555332692,40.41479353220221,376.677597547996,156.455638822921,147.123715693174,76.4726795294829,0.005444646098004001,4,41,300.204918018513,48.3764082019296,2.2969340520620696,0.318410074974544,149.20619149722,100774.312442191,0.5,0.0,0.00990099009901,0.19141914191419104,5.22413793103448,58,32,303,58,0.014947124041848999,1.2569896812641699,0.17491749174917492,2,0.93368277576028,2.86394233579757,0.8649832752018342,extention of Z-Alizadeh sani dataset.xlsx,chisquare
0.0,0.0,0.171656788970927,109.350234885096,1893.059471696089,3.98070018792246,3.78616979729835,31.2728125,2.73456122502302,15.6168744375,179.19,44.9857911783854,38.3590625,2.63475,0.035714285714286004,0,8,176.55525,25.7337429754516,0.527180555836371,0.015922964296627998,40.2092077922078,1893.059471696089,0.5,0.0,0.005208333333333,0.010416666666667001,96.0,8,0,768,8,0.028840438796476,2.9581057578548395,0.0026041666666666665,2,-1.3440826656086695,2.1694793357855002,0.933134316640783,pima.csv,fcbf
0.0,0.0,0.08080351464136501,819.9315752647391,402581.86871281295,124.709277054868,94.18824629923279,157.5125,1.70461605100485,101.224515,981.65,193.2092,145.2,14.35,0.005263157894737001,0,11,967.3,157.47829683747,0.04500160751994,0.236799518440939,154.154,402581.86871281295,0.5,0.00052380952381,0.016,0.02,50.0,20,3,1000,20,0.052971601773746,1.62840117813231,0.002,2,-1.18638766053486,3.0068825632418705,0.881290899230693,SouthGermanCredit.asc,chisquare
0.0,0.02,0.589815720615102,0.594322669649515,1.1423228187919499,3.2217215587532504,2.97629002613623,1.7,-0.7953739972959721,1.074885,5.425,3.46366666666667,3.6125,1.85,0.5,1,1,3.575,0.9473104002482852,0.06603417597803599,0.02871477739489,3.46972222222222,1.1423228187919499,0.5,0.001333333333333,0.006666666666667,0.026666666666667005,37.5,4,0,150,4,0.209222433924478,2.2790104483807703,0.013333333333333334,2,0.848934360210967,3.71354216543035,0.91829583405449,iris0.csv,GR
0.0,0.020889487870619998,0.08927313518066,0.001078270383237,0.010407774277616999,0.245101211733368,0.239341798605838,0.08625,28.5178429256537,0.05745075,0.945,0.381196933962264,0.3675,0.11875,0.035714285714286004,0,8,0.82625,0.096664034347213,2.90694148407036,0.115099317393092,0.37107903587443897,0.010407774277616999,0.8,0.0,0.015498652291104998,0.005390835579515,185.5,8,1,1484,8,0.008720906375672,2.41983491377228,0.0013477088948787065,10,-0.9844726882228628,4.2781042713003705,0.74969041023664,yeast5cn21.csv,relief
0.0,0.0,0.407056534919119,278.446154650724,2025.5889786488,113.838670848547,111.362871917064,34.5694444444444,5.09647653812027,21.1682333333333,198.888888888889,117.634948778566,111.555555555556,78.3888888888889,0.3921568627450979,0,8,120.5,22.7708391720963,1.03788710090791,0.024529774191605003,114.903215223097,2025.5889786488,0.5,0.0,0.014184397163120999,0.021276595744681,47.0,18,0,846,18,0.08895199891533001,3.0929297541798197,0.0023640661938534287,2,-0.21301939254574,7.94118767282775,0.78700833293397,vehicle0.csv,fcbf
0.0,0.0,0.087111082052835,2991.83998257524,35961.5007121608,0.19606911467377106,0.19146078895256305,146.16899999999995,22.5590942819958,108.4240206,294.95599999999996,147.530652730951,147.894,0.095,0.044444444444445,0,8,294.861,84.88053963187009,2.3239611572307597,0.092080148099713,147.606399551066,35961.5007121608,0.8,0.00018390240912200006,0.005394470667566001,0.006743088334457,148.3,10,1,1483,10,0.018236236923686002,2.6087194688358597,1.1827376938637897,10,-0.9843199168574892,3.81515701982637,0.7496667430270401,yeast.data,chisquare
0.0,0.0,0.024453578142829,325995823.33775896,21467811679.8815,194826.131754459,163227.751412597,124893.0,-0.8879589357109259,89654.14575,464686.10714285704,237442.034115523,233048.64285714304,139740.785714286,0.0,0,2,324945.321428571,68639.1110049889,0.072914367768098,0.158930048120477,233211.604908028,21467811679.8815,0.0,0.0,0.00072202166065,0.020216606498195,49.46428571428571,28,8,1385,28,0.01760250058413,2.67112062260588,1.2231046931407945,4,-1.7077421054212,3.5032629066908996,0.9995244237916908,HCV-Egy-Data.csv,chisquare
0.011706894059834999,0.0,0.104678760655639,58705092.2840689,7897951585.233971,,,43.2465149166667,2.39471403216278,26.0201758027167,83437.9309554167,24837.586192400602,27800.4917436667,1.3899048611111102,0.036507936507937,0,18,83436.54105055559,24148.283302313397,0.6340079656076071,0.29571195231096503,26574.5931934626,7897951585.233959,0.0,0.0,0.026737967914438998,0.192513368983957,5.19444444444445,36,17,187,36,0.06231732200141001,1.36442811681023,0.026737967914438502,2,1.82609622186652,1.09876650150725,0.9940302114769559,bone-marrow.csv,GR
0.0,0.0,0.304957481350349,40.5707659467767,7645.500383967171,64.2145256191111,59.7797834830276,39.9298076923077,-0.060275728926489996,25.079889692307702,148.29,69.13366292091621,63.315,28.9707692307692,0.179487179487179,1,7,119.319230769231,26.1777852313261,0.34428888596094,0.006196757204043,65.0711082621083,7645.50038396718,0.0,0.0,0.005617977528089999,0.073033707865169,13.692307692307699,13,0,178,13,0.07140111487952701,2.31727067117407,0.011235955056179777,3,3.61704259738991,4.71756549796192,0.988554793026509,wine5cn10-nc.csv,GR
0.0,0.020889487870619998,0.08927313518066,0.001078270383237,0.010407774277616999,0.245101211733368,0.239341798605838,0.08625,28.5178429256537,0.05745075,0.945,0.381196933962264,0.3675,0.11875,0.035714285714286004,0,8,0.82625,0.096664034347213,2.90694148407036,0.115099317393092,0.37107903587443897,0.010407774277616999,0.5,0.0,0.016172506738545,0.005390835579515,185.5,8,1,1484,8,0.008720906375672,2.41983491377228,0.0013477088948787065,2,-0.235882993777927,4.16615863361795,0.49942795375239,yeast3.csv,chisquare
0.0,0.0,0.177294438155929,0.084153296021605,0.75566116857702,1.9426140798476201,1.8138054697474293,0.944444444444444,2.25619356798678,0.4942,3.27777777777778,2.07445200302343,2.1111111111111103,1.0,0.013071895424836999,0,7,2.27777777777778,0.701899189078387,0.734469040521433,0.370719178082192,2.03870162297129,0.75566116857702,0.5,0.0,0.006802721088435,0.12244897959183698,8.16666666666667,18,9,147,18,0.038760547310361,1.03764111100364,0.013605442176870748,4,4.6302291969867415,3.4259912253588904,0.6136413221795229,lymphography.data,chisquare
0.0,0.004672897196262,0.22769842938237198,0.112863940312818,0.7004470770184161,10.8629009278165,10.8389654822943,0.574737222222223,9.53268473702325,0.29590472100000004,14.263770000000001,11.265851609553499,11.289186666666698,9.75235,0.055555555555556,0,8,4.511419999999998,0.689540777640776,1.6294993485603502,0.008961343715967,11.259923982906,0.7004470770184161,0.666666666666667,0.00046728971962600003,0.009345794392523001,0.042056074766355006,23.7777777777778,9,0,214,9,0.08646069983674701,2.01685739131923,0.009345794392523364,6,-1.5756241480749198,62.572880017922,0.8419982850006479,glass identification imbalance.csv,fcbf
0.0,0.0,0.000647572770207,0.0006473425608280001,0.9585983906344681,0.0,0.0,1.75,-1.43152017770001,1.4826,2.5,1.2498552403011,1.16666666666667,0.0,0.0,0,0,2.5,0.9674156732598159,0.00015516549354299998,0.29125627655465397,1.24975891996143,0.9585983906344672,0.75,0.0,0.0,0.0034742327735959996,287.83333333333303,6,0,1727,6,7.9e-07,1.7924806455294902,0.0011580775911986102,4,-40.194056907085,1.3531947731455902,0.603070677828256,car.data,chisquare
0.0,0.0,0.20900830765992198,174.52739806091,2955.56853707052,,,12.1111111111111,568.089047393787,6.9188,1257.0,30.6469987228608,28.3333333333333,-339.888888888889,0.138888888888889,0,9,1596.88888888889,37.9773217325365,11.920757165386801,0.019052590894581,28.667347807577706,2955.56853707052,0.8,0.000137931034483,0.00367816091954,0.004137931034483,241.666666666667,9,0,2175,9,0.06844866956168,2.8762693803781003,0.0009195402298850574,5,-0.273421091219419,2.1458263053328,0.413162637991065,starlog shuttle imbalanced.csv,chisquare
0.0,0.0,,12012.8542817461,1400072.92027227,743.713534086976,706.209768109713,359.4486,1.00265572240612,183.78784032,1882.3524,793.7724075471698,702.6936,452.4804,0.20666666666666691,1,18,1429.872,278.81870019689603,0.3924078827497221,0.157221730252722,732.115979381443,1400072.92027227,0.5,0.0,0.0,0.157232704402516,6.36,25,3,159,25,0.143284302327572,1.6987273002765102,0.16352201257861634,6,9.642209661973359,6.830149293540599,0.876880292886463,automobileimbalance.csv,MI
0.0,0.001388888888889,,0.0008873823619330002,0.031563356791467004,0.038363898677131004,0.034411255985256003,0.067079166666667,58.0682852507339,0.01452948,0.802709523809524,0.07612618849206401,0.04142380952381,0.002552380952381,0.004761904761905,1,18,0.800157142857143,0.138900308520804,5.6734600485357785,0.382980612481551,0.047847490079365,0.031563356791467004,0.666666666666667,0.0,0.0,0.029166666666667007,34.2857142857143,21,14,720,21,0.05060885548328,1.01703420459449,0.0027777777777777783,3,-6.49688449549567,1.23971526985341,0.28499762429570097,thyroid multiclass imbalance.csv,chisquare
0.0,0.0028571428571429994,,0.06398953394713201,0.273010909244581,,,0.601083823529412,0.217460679935486,0.389360848058823,0.9705882352941172,0.24792333613445397,0.320806323529412,-0.941176470588235,0.09090909090909101,1,20,1.9117647058823501,0.510861770613659,-0.563252891508923,0.04511873132556599,0.30106584733893604,0.273010909244581,0.5,0.0,0.0,0.097142857142857,10.294117647058801,34,1,350,34,0.10345676126796599,2.50383532411973,0.005714285714285714,2,0.7937037469043771,0.5142723173343421,0.9426831892554921,ionosphere.data,chisquare
0.0,0.0,0.12386339038592,0.018987375741542998,0.258300755857899,,,0.7377777777777779,-0.31221317058040005,0.177912,1.0,0.387037037037037,0.28,-0.248888888888889,0.0,0,3,1.2488888888888898,0.44398824729104397,-0.054837781578270996,0.29775672173631396,0.3612568306010929,0.258300755857899,0.5,0.0,0.0,0.09090909090909101,11.0,9,3,99,9,0.085335996737992,1.19506828452289,0.020202020202020204,2,1.5218083966573401,1.7462509766871002,0.5328350630342229,fertility_Diagnosis.data,GR
0.0,0.0,0.162656964667133,0.070944293633369,0.6826928969786109,0.30065241494824796,0.27031568354333396,0.8888888888888891,2.3641489092812003,0.4118333333333329,2.44444444444444,0.9864864864864858,1.0,0.166666666666667,0.013071895424836999,0,9,2.27777777777778,0.687176965320379,0.834111877138049,0.37074829931972797,0.9407407407407408,0.6826928969786109,0.5,0.0,0.013513513513513998,0.121621621621622,8.22222222222222,18,9,148,18,0.04407286720068498,1.04983311627397,0.013513513513513514,4,4.8737659421635895,1.4638151711207101,0.6138387509732901,Lymphography Multi-class Imbalanced data set.csv,chisquare
0.0,0.0,0.675863527164859,0.019801270984034,0.127904738012734,0.26827519137815503,0.195181581555648,0.466421875,9.44825990870391,0.34539946875,1.3341875,0.4664739134339079,0.45634375,0.016875,0.75,0,7,1.3173125,0.255577867874314,0.5300096756237009,0.04635925117059,0.4651893206304871,0.127904738012734,0.857142857142857,0.00018624946785900006,0.009818007662834999,0.0019157088122610003,522.0,8,0,4176,8,0.207297288488838,3.68484330047972,0.014846743295019156,28,-0.8618560440820371,2.5383636440019197,0.749183066272741,abalone.data,chisquare
0.0,0.004672897196262,0.21450057114510104,0.111957351098135,0.702795788080074,10.8643538472947,10.840339983490301,0.5719349205555551,10.5297363895801,0.30090860801866604,14.263770000000001,11.2660868940083,11.2899014288889,9.75235,0.055555555555556,0,8,4.511419999999998,0.6902660905079511,1.79911239608482,0.009111690904754,11.2598359749744,0.702795788080073,0.5,0.002336448598131,0.023364485981309,0.042056074766355006,23.7777777777778,9,0,214,9,0.086505485281542,2.0174119113784,0.02336448598130841,2,0.9546163018035841,62.4013004619493,0.330405742182461,glass4.csv,chisquare
0.0,0.004672897196262,0.22769842938237198,0.112863940312818,0.700447077018415,10.8629009278165,10.8389654822943,0.574737222222223,9.53268473702324,0.29590472100000004,14.263770000000001,11.265851609553499,11.289186666666698,9.75235,0.055555555555556,0,8,4.511419999999998,0.689540777640776,1.6294993485603502,0.008961343715967,11.259923982906,0.7004470770184161,0.5,0.002336448598131,0.023364485981309,0.042056074766355006,23.7777777777778,9,0,214,9,0.08646069983674701,2.01685739131923,0.009345794392523364,2,1.28162748300807,62.4697825873342,0.40020027269011,glass2.csv,chisquare
0.012774901205241,0.01166927565106,0.110239906998556,201649673.27765602,5086383831.45451,,,127.719125671875,3804.98846235568,69.10497086338121,1590750.10695469,420.95097050411596,46.081031625,-164608.064408031,0.09474206349206404,0,64,1755358.17136272,21014.2274018235,35.5113749483888,1.65e-05,59.3212688736105,5086383831.45452,0.5,0.0,0.0049807883876479995,0.009107727337413,109.796875,64,0,7027,64,0.033232553307926,4.1785383594050405,0.00028461647929415115,2,0.133578708163119,0.16424979633010994,0.23567610647799397,1year.csv,chisquare
0.0,0.0,0.394570467871145,676.465166988294,15063.2185423957,54.205968554514,48.4054082356196,35.21503333333329,7.66176224876026,20.79786338,264.1855,61.890718219097785,50.7994,15.604066666666698,0.33333333333333304,0,29,248.58143333333302,34.9047229903534,1.7254945688046202,0.008434537862888001,53.294611370262395,15063.2185423956,0.5,5.67e-05,0.008787346221441,0.052724077328647,18.966666666666697,30,0,569,30,0.07266422633518,2.9666016132999102,0.0035149384885764497,2,-0.563422774106037,2.9147559080696803,0.9526351224018601,Breast Cancer Wisconsin (Diagnostic) data set-5cn10-nc.csv,chisquare
0.0,0.0,0.6109424840596229,0.5333446252494239,1.86349857225486,6.81375911543771,6.70615174049995,1.70975,-0.819829073902593,1.13890155,9.27447142857143,6.91694552669553,6.755278571428571,5.2316,0.6190476190476191,1,2,4.042871428571431,1.00757330866253,0.227192186097406,0.000755753668548,6.833655357142861,1.86349857225486,0.0,0.0,0.005050505050505001,0.035353535353535005,28.285714285714306,7,0,198,7,0.240798649417829,2.3216593521781697,0.010101010101010102,3,3.81501829753097,11.3681356917246,0.9997920695612199,seeds_dataset.data,chisquare
0.0,0.0,0.12189522902397802,0.006826439307151999,0.055263712792205995,0.0,0.0,0.3496,-0.8049938276125379,0.24833550000000001,0.9520000000000001,0.41721550387596895,0.3899,0.0,0.0,0,1,0.9520000000000001,0.23429844124633398,0.312666115949643,0.0077339139067730015,0.40266410256410295,0.055263712792205995,0.25,0.0,0.0,0.01937984496124,51.6,5,0,258,5,0.026738201633659,2.58022236609456,0.007751937984496123,4,14.5097670239769,1.71229489917678,0.9355244989525581,Data_User_Modeling_Dataset_Hamdi Tolga KAHRAMAN.csv,GR
0.0005801305293689999,0.0,0.27694588663328995,204525.07681256198,246208864950.487,29734.9603493971,12332.8532399347,2157.63833961765,2.56217854960261,1435.74717498289,277015.311538529,58906.4172884022,26150.7335427941,279.95347314705896,0.203208556149733,2,33,276735.358065382,85129.0581462496,1.1288394647342,0.0021867626049839996,26217.7202951886,246208864950.487,0.5,0.0,0.0050761421319799995,0.17258883248731,5.794117647058821,34,0,197,34,0.055045581508722,2.30566114731318,0.07614213197969544,2,0.656546100779736,3.3404628322328502,0.7926686742623101,brestcancerwpbc.data,chisquare
0.0,0.004672897196262,0.21450057114510104,0.111957351098135,0.702795788080074,10.8643538472947,10.840339983490301,0.5719349205555551,10.5297363895801,0.30090860801866604,14.263770000000001,11.2660868940083,11.2899014288889,9.75235,0.055555555555556,0,8,4.511419999999998,0.6902660905079511,1.79911239608482,0.009111690904754,11.2598359749744,0.702795788080073,0.5,0.001869158878505,0.018691588785047,0.042056074766355006,23.7777777777778,9,0,214,9,0.086505485281542,2.0174119113784,0.009345794392523364,2,9.38625203845642,62.4318048485452,0.7922315584562309,glass-0-1-2-3_vs_4-5-6.csv,GR
0.0,0.0,0.171656788970927,109.350234885096,1893.059471696089,3.98070018792246,3.78616979729835,31.2728125,2.73456122502302,15.6168744375,179.19,44.9857911783854,38.3590625,2.63475,0.035714285714286004,0,8,176.55525,25.7337429754516,0.527180555836371,0.015922964296627998,40.2092077922078,1893.059471696089,0.5,0.0,0.005208333333333,0.010416666666667001,96.0,8,0,768,8,0.028840438796476,2.9581057578548395,0.0026041666666666665,2,-1.3440826656086695,2.1694793357855002,0.933134316640783,Pima-5cn01-nc.csv,chisquare
0.0,0.008714596949890999,0.072813418729593,0.0007066629336519999,0.009295347775209,0.31685492243479496,0.30900306538011796,0.10285714285714301,24.654999289801694,0.06989400000000001,0.85,0.428120136943666,0.4171428571428571,0.165714285714286,0.0,1,7,0.684285714285714,0.09067940276616199,1.84958870131343,0.08697362738387797,0.419984528107272,0.009295347775209,0.5,0.0,0.019607843137255002,0.015250544662308997,65.5714285714286,7,1,459,7,0.013025194946607,2.34889841530858,0.004357298474945534,2,0.428383961951409,5.23882883812003,0.348362469436552,yeast-1_vs_7.csv,GR
0.012146297019393999,0.010152284263959999,0.10377184348866901,335321.539475506,546124418.64143,,,159.08692678125,3646.4170913369694,76.70938984744221,280354.809740625,254.125534103265,48.88860175,-187655.34692717198,0.096230158730159,0,64,468010.156667797,6402.4493615772,18.4646722669949,1.7899999999999998e-05,67.1681092239495,546124418.64143,0.5,0.0,0.005414551607445,0.01082910321489,92.34375,64,0,5910,64,0.044945627192787996,4.10200340395069,0.00033840947546531303,2,0.22218234453070604,0.164238561805555,0.36358297192718797,5year.csv,chisquare
0.0,0.28046744574290505,0.02989655800572,1.7139629381772101,2235.64639505084,1.5015572194891798,1.3593315448814398,31.642857142857103,-1.57578345674669,23.298000000000002,63.857142857142804,32.4118769377534,32.7142857142857,0.857142857142857,0.0,0,0,63.0,18.52005418974069,-0.006646801884399999,0.320625845958742,32.3802928373566,2235.64639505084,0.5,0.0,0.0,0.011686143572621,85.5714285714286,7,2,599,7,0.040347697854622,1.67904504857299,0.00333889816360601,2,-1.8911880710382398,2.26102787229825,0.928508000823218,monks-2.csv,fcbf
0.0,0.0,0.171656788970927,109.350234885096,1893.059471696089,3.98070018792246,3.78616979729835,31.2728125,2.73456122502302,15.6168744375,179.19,44.9857911783854,38.3590625,2.63475,0.035714285714286004,0,8,176.55525,25.7337429754516,0.527180555836371,0.015922964296627998,40.2092077922078,1893.059471696089,0.5,0.0,0.005208333333333,0.010416666666667001,96.0,8,0,768,8,0.028840438796476,2.9581057578548395,0.0026041666666666665,2,-1.3440826656086695,2.1694793357855002,0.933134316640783,pimaimbalanced.csv,chisquare
0.1009,0.0,0.17542047172584802,17.6045106859029,644.461346981119,0.0,0.0,10.0358333333333,10.032506627378801,6.764671375,69.6177083333333,24.1444265625,24.406875,0.0,0.014492753623188,0,17,69.6177083333333,12.7811318286629,0.8547522066299829,0.15749954654627402,24.41185763888889,644.461346981118,0.33333333333333304,0.0001,0.015,0.06,16.6666666666667,24,0,400,24,0.050283764747107995,1.68460093121277,0.005,3,-7.8172251519115,2.43221557193168,0.628688355683825,chronic_kidney_disease_full.csv,chisquare
0.0,0.0,0.073984567260051,0.20091786597786104,13.572429705859001,4.23269258230043,4.1622765553315,1.08296875,36.37696604710271,0.6597569999999999,12.5375,4.75274734042553,4.5975,1.4625,0.008333333333333,0,14,11.075,1.61696156939654,3.62306496703654,0.358837595055101,4.58718085106383,13.572429705859001,0.5,0.0,0.014893617021276999,0.034042553191489,29.375,16,10,470,16,0.015499005462934999,0.9789927060209341,0.00425531914893617,2,0.557156538345505,1.3438855807786398,0.607171654871303,ThoraricSurgery.csv,chisquare
0.036817882971729,0.088757396449704,0.10392766223634699,0.097805879151127,3.19544030630003,1.46484983594958,1.27550585756039,1.29411764705882,4.17067279559984,0.6104823529411769,3.3529411764705896,2.17803689523146,2.23529411764706,0.7058823529411759,0.0,0,8,2.64705882352941,0.8569848965525692,-1.62725968241649,0.40299561961283,2.2079008073817796,3.19544030630003,0.5,0.00032873109796199997,0.005917159763314,0.05029585798816599,19.8823529411765,17,10,338,17,0.13352952091147,0.747532535578697,0.005917159763313609,2,0.914923834588515,4.663665865287308,0.925045017522329,primary-tumor.data,chisquare
0.0,0.0,0.18400046669721398,0.0052983560513759995,0.024826500406133,0.27418359042625,0.261361969865897,0.1975,50.8659221573284,0.13025699999999998,0.9657142857142859,0.4995663265306121,0.47571428571428603,0.167142857142857,0.047619047619047984,0,4,0.7985714285714292,0.14372869668428698,3.57337294857785,0.150446540824951,0.4885219236209339,0.024826500406133,0.666666666666667,0.0,0.011904761904761998,0.020833333333333,48.0,7,2,336,7,0.046762613795053,1.8753794109758801,0.005952380952380952,3,0.791384011363385,4.8797229440570895,0.23823076959200198,ecoli4.csv,chisquare
0.0,0.0,0.4051625771328879,141.226056424473,418.288379287621,,,22.948599454375,6.97949849139179,15.6490562500181,168.00866298333298,52.856930820672,49.5086915316667,17.664049993833302,0.4666666666666671,0,6,150.3446129895,18.349736717882106,1.1108583129876102,0.00011345507234,50.7794689643315,418.288379287621,0.5,0.0009216589861749998,0.009677419354839,0.019354838709678,51.6666666666667,6,0,310,6,0.082085821283245,2.58484264105621,0.0064516129032258064,2,0.830103725391625,3.07714546173907,0.907165767573082,column_2C_weka.csv,GR
0.0,0.020134228187919996,0.5867171866914649,0.5907653122921579,1.1376067930346498,3.22880188367872,2.98214731388236,1.7,-0.782555060419883,1.03782,5.425,3.4697986577181203,3.625,1.85,0.5,1,1,3.575,0.945759034536917,0.060250637645651986,0.028671025808286,3.47692307692308,1.1376067930346498,0.0,0.0,0.0,0.026845637583893,37.25,4,0,149,4,0.20686493303812198,2.27737742939219,0.013422818791946308,3,3.81808559627441,3.82395321412784,0.9999589074278228,iris.data,GR
0.002083876009377,0.011461318051576,0.491101133112918,19048.7872473881,38134610953.868,98001.4181722925,83119.2593941838,36812.275,26.960746946975302,15475.97184,1345444.2,107183.49484240699,117172.5,6164.2,0.6,0,6,1339280.0,61755.704250413,2.6855746301986803,0.089052216921346,112625.00904761901,38134610953.868,0.5,0.0,0.025787965616046,0.01432664756447,69.8,10,0,698,10,0.166756145399522,1.95581589926247,0.33667621776504303,2,-0.7009900148617869,1.3556422716621899,0.9297747128959579,breast-cancer-wisconsin.data,chisquare
0.0,0.0,0.282243283520706,3205.00623106044,34257.784253515,,,114.129444444444,0.287095067063748,64.7727348333333,383.692222222222,127.48111111111099,101.101111111111,31.5972222222222,0.183006535947712,2,8,352.095,85.2707915164909,0.669649043413146,0.028627504270988,109.23202674897101,34257.784253515,0.0,0.0,0.011363636363636001,0.20454545454545492,4.888888888888889,18,0,88,18,0.134600336662398,1.9711387023290199,0.022727272727272728,2,1.0,3.47378844779835,1.0,Chemical Composion of Ceramic.csv,GR
0.0,0.002846299810247001,0.16531678924382098,0.47132769486488296,7.94106342460615,,,1.46969878048781,44.369426897807294,0.64656005195122,16.562963414634098,2.6843043874670203,2.2050256097561003,0.36838780487804906,0.059756097560975996,0,41,16.1945756097561,1.59478895316165,3.78625366242014,0.10363269623415401,2.36073222282065,7.94106342460616,0.5,0.0,0.006641366223909001,0.038899430740037995,25.7073170731707,41,3,1054,41,0.06555699527412501,1.92152575004505,0.00189753320683112,2,2.15824677576601,3.4329879176001503,0.9217354284620668,QSAR biodeg.csv,chisquare
0.0,0.287433155080214,0.465998261830853,5568.26656984444,532947.021750549,234.437986697358,159.362935556029,325.0625,10.1131444235108,193.10865,3180.5,356.994986631016,259.75,63.25,0.5,0,3,3117.25,374.534549474877,2.25404263346082,0.025117841091413,267.449444444444,532947.02175055,0.5,0.0,0.006684491978609999,0.005347593582888,187.0,4,0,748,4,0.2220620104593289,2.88254076620027,0.00267379679144385,2,-0.35197996677322096,1.00626227202592,0.791644629845233,bloodtransfusion.data,fcbf
0.0,0.0,0.003215434083601,0.006430835082520001,1.99998971066387,2.60917166449826,2.1939642543217097,2.0,-1.30367876577607,1.4826,5.0,3.00320512820513,3.0,1.0,0.0,0,0,4.0,1.4142099245387398,-0.0022554660123179997,0.19871589085072197,3.0053191489361697,1.99998971066387,0.33333333333333304,0.0,0.0,0.006410256410255999,156.0,4,0,624,4,1.0300000000000001e-05,2.3219206726779302,0.003205128205128205,3,-1.6723126887036899,2.14336602213343,0.829243900791447,balance-scale.data,chisquare
0.0,0.0,0.22939525893750198,0.005587179949813999,0.02913264640236,0.22354654590781,0.172764862120334,0.2029166666666669,2.1456847853861003,0.14166243,0.6558333333333329,0.281323878205128,0.266616666666667,0.018933333333333,0.075141242937853,0,39,0.6369,0.142235841931047,0.95380881484697,0.00648449181202,0.271994973544974,0.02913264640236,0.0,0.0,0.0,0.28846153846153805,3.46666666666667,60,0,208,60,0.038251016715784,2.3181664206096,0.14423076923076922,2,0.993480499487727,1.7518353743750399,0.9967295890208372,sonar5cn19.csv,chisquare
0.0,0.055737704918032996,0.054149392396568005,2.8208513085993703,59.2846706931262,38.0605093253118,37.6552868299135,9.0,3.2069986094407006,5.9304,68.0,39.80546448087429,38.6666666666667,29.3333333333333,0.0,0,1,38.6666666666667,7.06582405130036,1.06236619720123,0.042192835679829,38.8597449908925,59.28467069312629,0.5,0.0,0.013114754098361,0.009836065573771,101.666666666667,3,0,305,3,0.014179584195164,2.40889438312511,0.006557377049180328,2,-0.5233477491351829,6.91756461773825,0.835041324992682,haberman.data,GR
0.0,0.004672897196262,0.21450057114510104,0.111957351098135,0.702795788080074,10.8643538472947,10.840339983490301,0.5719349205555551,10.5297363895801,0.30090860801866604,14.263770000000001,11.2660868940083,11.2899014288889,9.75235,0.055555555555556,0,8,4.511419999999998,0.6902660905079511,1.79911239608482,0.009111690904754,11.2598359749744,0.702795788080073,0.5,0.00046728971962600003,0.018691588785047,0.042056074766355006,23.7777777777778,9,0,214,9,0.086505485281542,2.0174119113784,0.009345794392523364,2,2.57706330350966,62.415461383186205,0.572368766521627,glass6.csv,GR
0.10024390243902401,0.0,0.101260098934428,3716780.49053403,669157357.659362,1.28555505501209,1.24072279270898,3508.41228061224,14.3327711082903,2776.9553370000012,46733.559591836696,2713.35537319562,1892.23969387755,0.408163265306122,0.006802721088435,0,37,46733.151428571386,5249.821631327561,2.0368520302754702,0.25511282802333196,1900.8113063265305,669157357.659362,0.0,0.0,0.024390243902439,0.298780487804878,3.3469387755102002,49,23,164,49,0.062503573261634,1.36011740780764,0.012195121951219513,2,1.27135867470653,1.24499392106963,0.960917889139876,hcc-data.data,MI
0.117262367262367,0.03962703962704,,0.138822662229461,3.92594162870387,0.7323193598252701,0.7015333740466421,0.628571428571429,136.65712823318398,0.41301000000000004,10.0,1.5673778099559,1.35,0.3714285714285711,0.043697478991597,2,32,9.62857142857143,1.02151740537773,7.73347860071733,0.382257192837176,1.36308496129801,3.92594162870387,0.5,0.000226625226625,0.018648018648019,0.040792540792541,24.5142857142857,35,21,858,35,0.018075766147516003,0.6009314821547429,0.002331002331002331,2,0.301049616869771,0.510365777902097,0.34351974100740096,cervical_risk_factors_cervical_cancer.csv,chisquare
0.0,0.02,0.589815720615102,0.594322669649516,1.1423228187919499,3.2217215587532504,2.97629002613623,1.7,-0.795373997295973,1.074885,5.425,3.46366666666667,3.6125,1.85,0.5,1,1,3.575,0.9473104002482852,0.06603417597803599,0.02871477739489,3.46972222222222,1.1423228187919499,0.0,0.0,0.0,0.026666666666667005,37.5,4,0,150,4,0.209222433924478,2.2790104483807703,0.013333333333333334,3,3.81884167930642,3.81706978347135,1.0,Iris5cn01nc.csv,GR
0.003600464576074001,0.0,0.15142816514524202,140.074095153713,3087.42254774515,32.5518055900582,20.6466717567997,34.352307692307704,43.098907252627,24.9612816923077,303.167692307692,57.28246779237021,54.2653846153846,3.48615384615385,0.025641025641026004,0,11,299.681538461538,31.896458910605887,2.91640606269473,0.041774544519496,54.5963831561393,3087.42254774515,0.8,0.000348432055749,0.008130081300813,0.021138211382113997,47.3076923076923,13,1,615,13,0.03695842875468,2.8423666433001697,0.0032520325203252032,5,1.14395186036506,2.99626975622409,0.350554361449458,hcvdat0.csv,chisquare
0.0,0.464892830746489,0.15410742394197,0.102415681566713,0.642154333054897,,,1.44444444444444,-0.8383525828710909,0.823666666666667,1.0,0.037694013303769,0.33333333333333304,-0.8888888888888891,0.027777777777778,0,1,1.88888888888889,0.7797227241567829,0.19401670843738802,0.369904667981591,0.053573869072024,0.642154333054896,0.33333333333333304,0.0,0.0007390983000739997,0.006651884700665,150.333333333333,9,2,1353,9,0.03770753164519,1.30730804756621,0.0014781966001478194,3,2.9169224484724503,0.036665232118111,0.8215434067914109,PhishingData.csv,chisquare
0.0,0.020889487870619998,0.08927313518066,0.001078270383237,0.010407774277616999,0.245101211733368,0.239341798605838,0.08625,28.5178429256537,0.05745075,0.945,0.381196933962264,0.3675,0.11875,0.035714285714286004,0,8,0.82625,0.096664034347213,2.90694148407036,0.115099317393092,0.37107903587443897,0.010407774277616999,0.5,0.0,0.018194070080863,0.005390835579515,185.5,8,1,1484,8,0.008720906375672,2.41983491377228,0.0013477088948787065,2,-0.093307525444539,4.1465508999277,0.19263154243295105,yeast5.csv,chisquare
0.0,0.0,0.07327401342382901,0.044909216971329005,0.6122687462320999,0.0,0.0,1.44444444444444,-1.28139903367084,1.4826,2.0,1.19238360617671,1.0,0.0,0.0,0,0,2.0,0.782263070735713,-0.351266141509764,0.332635983263598,1.31420289855072,0.612268746232099,0.5,0.0,0.0,0.009404388714734,106.333333333333,9,0,957,9,0.014670121951693997,1.53820757698769,0.0020898641588296767,2,14.606589267544301,1.5121447430983601,0.9312849071447672,tic-tac-toe.data,chisquare
0.0,0.0,0.084361228707582,0.024300702466062,0.287998713151419,0.0,0.0,0.3809523809523809,124.339083399309,0.1765,2.0,0.28571428571428603,0.11904761904761901,0.0,0.016260162601626,6,30,2.0,0.4645865815617801,6.517074312929242,0.333323464831125,0.171211352256894,0.287998713151419,0.666666666666667,1.03e-06,0.005269702173012,0.000621706436142,1608.4761904761901,42,0,67556,42,0.014583841861615,0.678081508073386,2.960506838770797e-05,3,3.63611744665304,0.47069100898852295,0.7687585436715101,connect-4.data,chisquare
0.0,0.0028490028490029996,0.23056045820282198,0.067873934313341,0.280787402172642,,,0.620060606060606,0.319986840445404,0.4004367818181821,1.0,0.255200725200725,0.330727272727273,-0.96969696969697,0.098484848484849,0,20,1.96969696969697,0.525886826539183,-0.579508824086589,0.016644244266452,0.309737038632773,0.280787402172642,0.5,0.0,0.0,0.094017094017094,10.6363636363636,33,1,351,33,0.11735155290949101,2.58007274291151,0.0056980056980056966,2,0.774699235929314,0.5295018722845539,0.941828535447515,ionosphere-5cn01-n.csv,chisquare
0.0,0.0,0.08763220704927499,0.158435793717197,2.113976987388,1.1230900240236599,1.05949931116718,1.40625,1.06997467864019,0.88029375,5.78125,2.9348998459167897,2.78125,0.71875,0.010080645161290001,0,19,5.0625,1.08430236870167,0.192837210279697,0.30142821379130397,2.8782768542199504,2.113976987388,0.5,0.000186767521128,0.012326656394453002,0.049306625577812006,20.28125,32,12,649,32,0.09034982028569,1.4283827966421798,0.003081664098613252,2,-2.1166529956905,2.25953389090457,0.932475584215516,student-por.csv,chisquare
0.0,0.0,0.18400046669721398,0.0052983560513759995,0.024826500406133,0.27418359042625,0.261361969865897,0.1975,50.8659221573284,0.13025699999999998,0.9657142857142859,0.4995663265306121,0.47571428571428603,0.167142857142857,0.047619047619047984,0,4,0.7985714285714292,0.14372869668428698,3.57337294857785,0.150446540824951,0.4885219236209339,0.024826500406133,0.666666666666667,0.0,0.014880952380951997,0.020833333333333,48.0,7,2,336,7,0.046762613795053,1.8753794109758801,0.005952380952380952,3,2.7065962889493598,4.91691474102544,0.545896879580807,ecoli1.csv,GR
0.0,0.004672897196262,0.21450057114510104,0.111957351098135,0.702795788080074,10.8643538472947,10.840339983490301,0.5719349205555551,10.5297363895801,0.30090860801866604,14.263770000000001,11.2660868940083,11.2899014288889,9.75235,0.055555555555556,0,8,4.511419999999998,0.6902660905079511,1.79911239608482,0.009111690904754,11.2598359749744,0.702795788080073,0.5,0.002336448598131,0.023364485981309,0.042056074766355006,23.7777777777778,9,0,214,9,0.086505485281542,2.0174119113784,0.009345794392523364,2,-55.5780843524229,62.44559053297811,0.9119388957757241,glass0.csv,GR
0.0,0.011627906976744,0.265474951571386,68.9922571021764,399.190560941984,39.0513519649995,36.852817712473005,14.791666666666698,6.4074480119307395,9.6369,132.5,42.7916666666667,38.9166666666667,17.0,0.2,0,6,115.5,15.838608868290699,1.67448883840004,0.023932982217439,39.4735576923077,399.19056094198487,0.0,0.001661129568106,0.01453488372093,0.017441860465116,57.3333333333333,6,0,344,6,0.037108426913746,2.72441570608841,0.005813953488372093,2,-1.31609701058205,4.76453855139605,0.98079836469443,bupa.data,GR
0.0,0.020889487870619998,0.08927313518066,0.001078270383237,0.010407774277616999,0.245101211733368,0.239341798605838,0.08625,28.5178429256537,0.05745075,0.945,0.381196933962264,0.3675,0.11875,0.035714285714286004,0,8,0.82625,0.096664034347213,2.90694148407036,0.115099317393092,0.37107903587443897,0.010407774277616999,0.5,0.0,0.018194070080863,0.005390835579515,185.5,8,1,1484,8,0.008720906375672,2.41983491377228,0.0013477088948787065,2,-0.39479837066768697,4.19798178521348,0.867534473332695,yeast1.csv,chisquare
0.0,0.0,0.407056534919119,278.446154650724,2025.5889786488,113.838670848547,111.362871917064,34.5694444444444,5.09647653812027,21.1682333333333,198.888888888889,117.634948778566,111.555555555556,78.3888888888889,0.3921568627450979,0,8,120.5,22.7708391720963,1.03788710090791,0.024529774191605003,114.903215223097,2025.5889786488,0.666666666666667,0.0,0.015366430260047,0.021276595744681,47.0,18,0,846,18,0.131867305049139,3.0929297541798197,0.0023640661938534287,3,-0.4002496206542801,7.95903536186134,0.940532055577573,vehicle2.csv,fcbf
0.0,0.0,0.118069114892628,755.5114087319348,1943889.98276209,4.49619504541609,2.96470904400352,44.54428571428571,21.0329907826514,12.4924935,7302.696428571429,90.0751197387518,15.4585714285714,1.33928571428571,0.010989010989011,0,9,7301.357142857141,387.110760214015,1.6693023044727902,0.2082588372412381,22.051031841652303,1943889.98276208,0.0,0.00029027576197400017,0.017416545718433,0.020319303338171002,49.21428571428571,14,4,689,14,0.038222742788036,1.77410138546112,0.002902757619738752,2,-10.1941716098499,1.7431852422068,0.9914357462336072,starlog_australian.dat,MI
0.0,0.0,0.18400046669721398,0.0052983560513759995,0.024826500406133,0.27418359042625,0.261361969865897,0.1975,50.8659221573284,0.13025699999999998,0.9657142857142859,0.4995663265306121,0.47571428571428603,0.167142857142857,0.047619047619047984,0,4,0.7985714285714292,0.14372869668428698,3.57337294857785,0.150446540824951,0.4885219236209339,0.024826500406133,0.666666666666667,0.00037202380952399994,0.017857142857143002,0.020833333333333,48.0,7,2,336,7,0.046762613795053,1.8753794109758801,0.005952380952380952,3,1.91997263847314,4.902343273648532,0.44915540636739903,ecoli2.csv,relief
0.0,0.020889487870619998,0.08927313518066,0.001078270383237,0.010407774277616999,0.245101211733368,0.239341798605838,0.08625,28.5178429256537,0.05745075,0.945,0.381196933962264,0.3675,0.11875,0.035714285714286004,0,8,0.82625,0.096664034347213,2.90694148407036,0.115099317393092,0.37107903587443897,0.010407774277616999,0.8,0.0,0.015498652291104998,0.005390835579515,185.5,8,1,1484,8,0.008720906375672,2.41983491377228,0.0013477088948787065,10,-0.9844726882228628,4.2781042713003705,0.74969041023664,yeastimbalance.csv,relief
0.0,0.0,0.41358967821852505,15.707982699413199,59.8893009345794,,,4.76,13.9520401205458,3.4692839999999996,58.4,25.705860465116306,24.84,13.02,0.2,0,5,45.38,6.6901690043539,2.62306021630443,0.011904148452345,24.9344186046512,59.8893009345794,0.5,0.0,0.032558139534884,0.023255813953488,43.0,5,0,215,5,0.09479531681323301,2.31366521993566,0.009302325581395349,2,0.471609905651539,2.22179267185603,0.640944184787529,newthyroid2.csv,GR
0.0,0.036016949152542,0.342570915615302,2930194.68148505,27882796.43372349,55.31234482275539,15.511371375813699,224.2743,58.71304514372089,47.83223424,23271.3,697.411068432203,37.87925,2.5161,0.266666666666667,0,8,23268.7839,2523.9871414087197,4.93785231822735,0.003060837051062,76.260560915493,27882796.43372349,0.5,0.0,0.033898305084746,0.021186440677966,47.2,10,0,472,10,0.14674475777301801,2.63848112998796,0.05296610169491525,2,0.19385005871190306,0.707439674793413,0.32474774750366303,page-blocks-1-3_vs_4.csv,chisquare
0.0,0.208333333333333,0.027221679889063002,1.70158874196987,2273.01724842466,1.49821102597266,1.35581284262038,33.0714285714286,-1.5896795920926898,24.2511,63.857142857142804,32.8413561076605,32.6428571428571,0.857142857142857,0.0,0,0,63.0,18.671033039184998,-0.001360019992279,0.32052910097469395,32.9978485370052,2273.01724842466,0.0,0.0,0.0,0.01268115942029,78.8571428571429,7,2,552,7,0.036511534193927005,1.6791215331456,0.0036231884057971015,2,-2.74561159080012,2.2930976486760297,0.999052844165966,monks-3.csv,chisquare
0.0,0.011111111111111,0.15361363073526302,24.688506034123996,2926.2562161881,14.105514224258599,9.19424856227435,18.6875,2.36180791646696,12.787425,141.0,21.7981481481481,18.5,3.7083333333333295,0.0,0,2,137.291666666667,25.579194452556802,1.04219475218589,0.162623425263875,17.4429012345679,2926.2562161881,0.0,0.0,0.0,0.066666666666667,15.0,6,1,90,6,0.041074321418377996,1.6492966493066699,0.022222222222222227,2,3.3406562352377898,1.79156046926034,0.996791631981636,Cryotherapy.xlsx,fcbf
0.002382370458606,0.0,,0.414007162294834,11.9763214335132,2.2040737321258597,2.0696384836061,2.0454545454545503,2.37173887245959,1.28042727272727,6.68181818181818,3.4458281444582797,3.45454545454545,1.1818181818181799,0.10822510822510799,1,8,5.5,1.5501304921295902,0.3279988777080869,0.326123327930077,3.34343434343434,11.9763214335132,0.833333333333333,0.0,0.0,0.301369863013699,3.31818181818182,22,4,73,22,0.08995238973797301,0.9859717405998459,0.2602739726027397,6,37.742899924685396,1.51925324290941,0.8034244018240391,non-verbal tourist data.csv,chisquare
0.0,0.125874125874126,0.21617992707183492,0.19332873699070896,0.944220099149676,3.43841926765613,3.21979145273842,1.0,0.15881454794324898,1.2355,5.0,3.6083916083916097,3.8333333333333295,1.0,0.0,0,6,4.0,0.9632126767340948,-0.490553902425024,0.202758215962441,3.6858237547892703,0.944220099149676,0.0,0.000999000999001,0.013986013986014,0.041958041958042,23.8333333333333,6,0,143,6,0.06960140036323599,1.38125547359818,0.013986013986013986,2,-0.803432773037026,3.4920493896445,0.995727452084926,SomervilleHappinessSurvey2015.csv,fcbf
0.0,0.0,,76.31226376269171,106271.080057828,157.713637064769,151.404819820874,62.005406987195904,16.552747226117802,42.619236815776794,397.169102868796,164.964980298471,155.130463821892,80.6439165947274,0.006060606060606,4,41,316.525186274069,50.9884288039821,2.41120860082656,0.308595477017104,157.321859567958,106271.080057828,0.5,0.0,0.00990099009901,0.18151815181518202,5.50909090909091,55,29,303,55,0.010838809282971,1.2728008973192901,0.19141914191419146,2,0.937861911602235,2.96797370002874,0.8649832752018342,Z-Alizadeh sani dataset.xlsx,GR
0.0,0.0018939393939389998,0.090533737533601,0.001161686437772,0.010596888970948,0.37590544819427707,0.364532196009195,0.10125,35.937404662941496,0.069496875,0.86375,0.388179450757576,0.375625,0.1825,0.035714285714286004,0,7,0.68125,0.09447785447745699,3.2926051016293503,0.11797872196739599,0.379044811320755,0.010596888970948,0.5,0.0,0.015151515151515,0.015151515151515,66.0,8,1,528,8,0.016694746760847,2.06055584257733,0.003787878787878789,2,1.68611809260692,4.21081593519719,0.45809492436759097,yeast-0-5-6-7-9_vs_4.csv,GR
0.0,0.032608695652174,0.17692997302146,0.517901923602696,8.55925432968141,4.71011686372118,4.487664928198781,2.5833333333333304,0.9162567397199692,1.8120666666666696,9.33333333333333,5.46006944444444,5.44444444444445,2.22222222222222,0.055555555555556,0,5,7.1111111111111125,1.70130309982557,-0.135730732054897,0.28796944263013796,5.45927601809955,8.55925432968141,0.33333333333333304,6.790000000000001e-05,0.011548913043478002,0.006114130434783001,163.555555555556,9,3,1472,9,0.032943160022041,1.5913397165605199,0.001358695652173913,3,-2.44928565927982,2.4730354643141,0.971155904879797,contraceptive.data,chisquare
0.0,0.05063291139240498,0.135923591337832,0.30296981499513104,5.42447257383966,5.76122184030867,5.63919286100562,2.1,-0.847873506912557,0.88956,9.8,6.2886075949367095,5.8,3.6,0.0,1,2,6.2,1.5633831780112202,0.43586844344613,0.28335275835275797,6.21224489795918,5.42447257383966,0.0,0.0,0.012658227848101002,0.063291139240506,15.8,5,1,79,5,0.044638732638625,1.45166552469217,0.02531645569620253,2,1.59414767211719,1.9756595657874598,0.980377508715691,caesarian.csv,chisquare
0.0,0.055555555555556,0.052156674050867005,2.71264688024572,59.65477695631989,38.0316926553966,37.619738842804104,8.83333333333333,3.22610776074451,5.9304,68.0,39.7788671023965,38.6666666666667,29.3333333333333,0.0,0,1,38.6666666666667,7.080836839591888,1.05922992285212,0.042203131913792,38.8423913043478,59.65477695631989,0.5,0.0,0.013071895424836999,0.009803921568626998,102.0,3,0,306,3,0.013718040764318002,2.40956324632031,0.006535947712418301,2,-0.616372981823094,6.3497702317975,0.8337649072106651,Haberman imbalance.csv,GR
0.0,0.004672897196262,0.21450057114510104,0.111957351098135,0.702795788080074,10.8643538472947,10.840339983490301,0.5719349205555551,10.5297363895801,0.30090860801866604,14.263770000000001,11.2660868940083,11.2899014288889,9.75235,0.055555555555556,0,8,4.511419999999998,0.6902660905079511,1.79911239608482,0.009111690904754,11.2598359749744,0.702795788080073,0.5,0.002336448598131,0.023364485981309,0.042056074766355006,23.7777777777778,9,0,214,9,0.086505485281542,2.0174119113784,0.009345794392523364,2,0.657370021239307,62.3968217729733,0.25164107326284196,glass5.csv,chisquare
0.000634249471459,0.8,,5797628945813.79,349418557528004.0,4293925.58611867,3051064.21385477,5449752.21005395,5.191544197396901,4382500.28136658,52874626.3933501,5727744.21247225,4881797.91273505,789127.7028472859,0.3,1,6,52085498.69050279,5458365.36309604,0.965647235104169,0.104406713265054,5234331.98827539,349418557528004.0,0.5,0.0,0.0,0.01953488372093,51.19047619047621,21,1,1075,21,0.192262833545589,2.96650923947241,0.0018604651162790692,4,-1.24524916353569,1.7321998352011103,0.8917284239731379,burstheader.csv,chisquare
0.047222601337519016,0.215777262180974,0.36507735099371,0.338370609183618,0.9167930178600328,0.0,0.0,1.9375,-1.78031912994086,0.4633125,2.0,1.0391531322505798,1.0625,0.0,0.3916666666666671,0,0,2.0,0.9556756193030708,-0.082697896578157,0.33178294573643397,1.05936293436293,0.9167930178600328,0.0,0.0,0.0,0.037122969837587005,26.9375,16,0,431,16,0.17212065611200594,1.0684170200653,0.004640371229698376,3,7.8229191609935,1.0841336523318,0.9600166966903141,congress_house-votes-84.data,chisquare
0.018385016143789,0.008846947803008001,0.103703983688406,6143299.8374756,701112311.98595,,,102.20956731143801,6876.995244441321,53.3054789986491,658268.0819953129,199.96402416473,31.2768026609375,-73154.78831997019,0.091269841269841,0,64,731422.870315283,7832.539277485071,51.8959872021184,1.34e-05,42.861570204926295,701112311.98595,0.5,0.0,0.008158851862774,0.006291162882138999,158.953125,64,0,10173,64,0.02642126783336,4.29968841438047,0.0001965988400668436,2,0.13582451412937402,0.102494643559945,0.23916461115207602,2year.csv,chisquare
0.0,0.0,0.011744299215511999,0.065084961215055,135.354822895777,3.79822374368015,1.74371706284955,5.02360533749342,-1.22162119746641,3.7434621789123397,10.0487264131654,5.07501985225455,5.07494842745648,0.10122435047504598,0.0,0,0,9.94750206269039,2.9013547679907994,4.89e-06,0.016790352504638,5.075008347944539,135.354822895777,0.5,0.0,0.0,0.037037037037037,27.0,20,0,540,20,0.013101488541889998,2.9291946900944,0.009259259259259259,2,0.808201089716053,1.84032007809173,0.420191037085176,climate_pop_failures.dat,chisquare
0.0,0.005208333333333,0.254068605581089,0.10835165729219999,0.583703771439532,10.8502605133286,10.8300756380865,0.448045797777778,6.1299599938133005,0.262827750266667,13.6029777777778,11.2665179759606,11.288657724444402,9.75236771777778,0.138888888888889,0,9,3.85061006,0.614951543197897,1.25725762588098,0.009677977883013,11.274973717068999,0.583703771439532,0.5,0.002083333333333,0.020833333333333,0.046875,21.3333333333333,9,0,192,9,0.09812426428091399,2.0254646832383,0.010416666666666666,2,0.515389330658342,63.9183226026438,0.431583267013274,glass-0-1-6_vs_2.csv,GR
0.0,0.0,0.290439865238565,29.5841856778322,99.5841415874006,63.42417793399061,61.4665809355596,9.5,5.02424273685071,6.77278636363636,81.1363636363636,64.5656946826758,66.6363636363636,18.9545454545455,0.13742071881606802,0,44,62.1818181818182,9.69714127392534,-1.7435158648129099,0.020343937395395,66.3071755288736,99.5841415874006,0.5,0.000335429769392,0.015094339622642,0.166037735849057,6.02272727272727,44,0,265,44,0.041632443489259,2.56379165015894,0.007547169811320755,2,0.583240462429964,7.0108140322422505,0.736768010002478,SPECTF.csv,GR
0.0,0.0,0.00010362456994899999,8.609999999999999e-05,0.9271323627066981,0.0,0.0,1.75,-1.50268480459872,1.297275,2.375,1.18752411451501,1.375,0.0,0.0,0,0,2.375,0.9270561555094721,-3.3299999999999996e-05,0.316613932191182,1.1875401825896899,0.9271323627066981,0.4,0.0,0.0,0.0006173315842269999,1619.875,8,1,12959,8,-3.64e-08,1.7077222520195299,0.00015433289605679452,5,-10.9463912300423,1.2281032323328,0.7388760825551991,nursery.data,relief
0.0,0.0,0.09244067085145499,24.3607648177873,2733.9982889691396,15.457916793670199,11.598372521095,12.0625,1.49792463193189,8.2602,151.714285714286,22.52976190476189,15.035714285714299,3.85714285714286,0.0,0,3,147.857142857143,24.957629853719602,0.9360160144168821,0.140156192122484,15.670634920634901,2733.99828896915,0.5,0.002777777777778,0.022222222222222,0.077777777777778,12.857142857142902,7,1,90,7,0.03165737409997,1.7616090029014901,0.022222222222222227,2,1.80354706450717,1.87853354995112,0.7436012269934459,Immunotherapy.xlsx,GR
0.0,0.0,0.053600668413809005,1.12216676453318,294.518661186142,11.326884520708699,6.06915643278418,14.2,-0.810160966540813,10.97124,29.4,14.836641221373998,14.8,1.0,0.0,0,3,28.4,8.4001029539503,0.436351174496234,0.212179487179487,14.703797468354399,294.518661186142,0.33333333333333304,0.0,0.0,0.038167938931297996,26.2,5,0,131,5,0.042688026255559994,1.85586243450278,0.015267175572519085,3,6.63366373876951,2.13394322081318,0.9761841154724092,hayes-roth.data,GR
0.0,0.0,0.304957481350349,40.5707659467767,7645.500383967171,64.2145256191111,59.7797834830276,39.9298076923077,-0.060275728926489996,25.079889692307702,148.29,69.13366292091621,63.315,28.9707692307692,0.179487179487179,1,7,119.319230769231,26.1777852313261,0.34428888596094,0.006196757204043,65.0711082621083,7645.50038396718,0.0,0.0,0.005617977528089999,0.073033707865169,13.692307692307699,13,0,178,13,0.073268233627968,2.31727067117407,0.011235955056179777,3,3.61704259738991,4.71756549796192,0.988554793026509,wine imbalance.csv,GR
0.0,0.0,0.302442917158081,39.908361709224295,7644.127837668059,64.0721957835968,59.6580972321931,39.97076923076921,-0.047175459309510996,24.789072,148.29,68.9831794867449,63.1976923076923,28.9707692307692,0.179487179487179,1,7,119.319230769231,26.167487951058398,0.348460445710094,0.006244564001193001,64.806718907261,7644.127837668059,0.0,0.0,0.005649717514124001,0.073446327683616,13.6153846153846,13,0,177,13,0.07901565344902499,2.31722203952825,0.011299435028248588,3,3.6149657863514197,4.72221584373743,0.9884318013785921,wine.data,chisquare
0.19135212613473496,0.0,0.107376038709282,3682671.49184269,86931498582.8523,25731.1146885846,21974.2116386024,262.318518518519,14.603080947050099,181.415328888889,198393.12592592608,40433.5147776539,19734.303703703703,19202.8148148148,0.005698005698005999,0,13,179190.31111111102,56976.0125292516,1.34595863392618,0.18875548390862096,19786.353979946798,86931498582.8524,0.5,0.0,0.020066889632107,0.090301003344482,11.0740740740741,27,4,299,27,0.041301790830839,1.6784355775584299,0.046822742474916385,2,-3.39432588909909,1.32567375754509,0.9160500242220972,horse.csv,GR
0.014483773866807,0.008283347614966999,0.082104863432127,703894.7236510841,597952689.836024,,,108.01201282484399,5352.37733987658,55.1900173139221,510392.0279125,194.71723122172799,33.0618828234375,-276019.85534254,0.060515873015873,0,64,786411.883255041,7839.38129819765,31.1906497588735,1.22e-05,45.474161649152094,597952689.836024,0.5,0.0,0.004665333714177,0.006093497096068002,164.109375,64,0,10503,64,0.033053744945898994,4.314353034941791,0.00019042178425211843,2,0.158799135542586,0.134872031783589,0.27407534346879103,3year.csv,chisquare
0.008824733824734001,0.000593775593776,0.06893676706767,37555.8717726106,800577056.734558,11434.8891513832,9024.41240382821,8581.267857142859,14.1534124684062,6387.72915,113932.428571429,13641.948040248,12735.75,878.8571428571429,0.010989010989011,0,10,113053.571428571,8107.88999756734,0.7664685311651128,0.098432072133742,12682.509087009099,800577056.7345589,0.75,0.00017062517062499998,0.005610155610156,0.00028665028664999996,3488.571428571431,14,1,48840,14,0.042368816475970995,2.1931763957861,4.095004095004095e-05,4,-1.31205113368526,2.19780860733706,0.8560687775450021,adult.csv,chisquare
0.0,0.0,0.123562804286909,40.469001083020295,344.71982434765,17.386033041261598,9.72233973397662,20.75,50.89396502926071,13.9788,73.0,40.1530612244898,39.7857142857143,0.5714285714285711,0.047619047619047984,0,4,72.4285714285714,16.5191480221216,-3.55760878759474,0.150605574902024,40.67892503536071,344.71982434765,0.875,0.00037202380952399994,0.011904761904761998,0.020833333333333,48.0,7,2,336,7,0.16911805336475902,1.84239321519772,0.08928571428571429,8,87.0385637286828,5.05834033703488,0.729581861063742,ecoli-5cn01-nc.csv,relief
0.0,0.851702508960573,,0.004412029323109999,0.036732399868416,0.0,0.0,0.062240663900415,225.478070319478,0.0,0.825726141078838,0.059663104745758,0.037344398340249,0.0,0.150691562932227,42,184,0.825726141078838,0.136084231650006,9.2454876777006,0.587044421490485,0.035587105963956,0.036732399868416,0.5,4.35e-05,0.016129032258065,0.053987455197132994,18.5228215767635,241,199,4464,241,0.28177241755315696,0.18740583635423802,0.0004480286738351255,2,0.9236095447781021,0.19919533081061705,0.724697190905488,TUANDROMD.csv,chisquare
0.0,0.147169811320755,0.20316597340691397,0.041158893517384006,0.20260538489526506,0.0,0.0,0.6363636363636359,-0.8337727925669789,0.0,1.0,0.328473413379074,0.045454545454546,0.0,0.056277056277056,0,8,1.0,0.447901419322073,0.804437397994821,0.49810606060606105,0.225557461406518,0.20260538489526506,0.0,0.0,0.0,0.083018867924528,12.0454545454545,22,22,265,22,0.062782489934493,0.852322305940879,0.007547169811320755,2,0.890131080414315,0.731603281556039,0.9790981671667148,SPECT.csv,GR
4.77e-05,0.016752577319588003,,92.9656027389033,670.119881512358,1.05655954777776,0.7976362171410569,4.7297,114.23908784016001,0.9317228630769232,263.20355384615397,5.225325055114992,1.36821538461538,0.616538461538462,0.11076923076923101,1,20,262.587015384615,14.7990033861358,7.18890057616542,0.171648043051734,2.22492961802575,670.119881512358,0.0,0.00114547537228,0.030927835051546008,0.033505154639175,29.846153846153804,26,0,776,26,0.131845278804469,1.64350606520911,0.002577319587628866,2,-1.56589671003119,1.94514839512061,0.966734147000341,audit_risk.csv,chisquare
0.0,0.0,0.23300898491419605,2.68141829294087,380.481262863231,17.949797370462,14.0623667886403,11.121263,8.436146116493191,8.123350725,34.186393,20.9392906995305,20.960767999999998,8.977115,0.066666666666667,0,8,25.209278,6.7843074040927815,1.4633525877008,0.00807323162457,20.9342795581395,380.481262863231,0.666666666666667,0.0,0.0,0.046948356807512,21.3,10,0,213,10,0.09237721287102198,2.04767560355777,0.01877934272300469,6,-1.5709885177158502,57.0205286919077,0.84301058922007,glass.data,GR
0.0,0.191302572478563,0.178266246729611,10.8380076677351,193.031058098144,17.184935910340098,15.813789885999999,8.51621613636364,7.05367625503618,6.11897863309091,75.6586345454546,18.432687072460002,17.7878854545455,2.49237363636364,0.072727272727273,0,10,73.16626090909091,6.1057752836397805,1.2996237717414099,0.007836986170969,17.9888230425685,193.031058098144,0.7142857142857142,0.00051041241323,0.013270722743976998,0.002245814618212,445.27272727272697,11,0,4898,11,0.014622108245347,3.9727480639230697,0.002245814618211515,7,-0.3847626696356311,32.9424433463278,0.663156239564837,winequality-white.csv,chisquare
0.0,0.0,0.40713435656118696,278.790746517439,2027.70219735707,113.83808860398399,111.35955699438999,34.6111111111111,5.09716059950158,21.2506,198.888888888889,117.63714661406999,111.61111111111099,78.3888888888889,0.3921568627450979,0,8,120.5,22.782349898051898,1.03837148746895,0.024528408032727995,114.90214770984,2027.7021973570602,0.0,0.0,0.009467455621301999,0.021301775147929,46.9444444444444,18,0,845,18,0.07416278932784699,3.092917030620169,0.0023668639053254447,4,-0.534297489202904,7.9776285296881,0.999479181333304,starlog vehicle sikhouettes.dat,fcbf
0.0,0.009861111111111,0.04900298370904401,0.000794387977055,0.032753753282934,0.038152601815649,0.032863021292251,0.066285238095238,388.707179320468,0.01388702,0.86452380952381,0.078029373544974,0.042228571428572,0.0015,0.004761904761905,0,19,0.86302380952381,0.141569107162495,9.243838630708069,0.35881903497565903,0.049453830136684,0.032753753282934,0.666666666666667,0.0,0.001666666666667,0.0029166666666670003,342.857142857143,21,15,7200,21,0.004434607589946,1.34813844144566,0.00027777777777777783,3,-0.25130570883339903,1.26519837303525,0.2824048839393189,thyroid5cn21.csv,chisquare
0.0,0.150093808630394,0.19982324196321,4.76619315114187,108.89063760407,6.88810521915547,5.876369140624571,5.39747590909091,8.26498451364447,3.70395666709091,37.9549718181818,8.13421922451532,7.09870454545455,2.28109727272727,0.10909090909090899,0,11,35.6738745454545,4.39262548450978,1.6799575204703798,0.009414729613128,7.24545222495507,108.89063760407,0.666666666666667,5.21e-05,0.006253908692933001,0.0068792995622259994,145.363636363636,11,0,1599,11,0.023440632118687996,3.44405194238447,0.006253908692933083,6,-0.495055817844448,48.84194133951421,0.661155292206029,winequality-red.csv,chisquare
0.0,0.0,0.18400046669721398,0.0052983560513759995,0.024826500406133,0.27418359042625,0.261361969865897,0.1975,50.8659221573284,0.13025699999999998,0.9657142857142859,0.4995663265306121,0.47571428571428603,0.167142857142857,0.047619047619047984,0,4,0.7985714285714292,0.14372869668428698,3.57337294857786,0.150446540824951,0.4885219236209339,0.024826500406133,0.5,0.0,0.005952380952380999,0.020833333333333,48.0,7,2,336,7,0.046762613795053,1.8753794109758801,0.005952380952380952,2,1.02028756067845,4.88965491410763,0.48206614808309295,ecoli3.csv,GR
0.0,0.017505470459518994,0.42553358213290704,6.665725414232369,16.3778709123223,,,5.1651275000000005,0.134672012831211,3.7725387105,10.038325,0.6393347016059809,0.7097725,-8.662375,0.33333333333333304,0,2,18.7007,3.7806603088323,-0.11840383845506698,7.01e-05,0.68580067242017,16.3778709123223,0.0,0.0,0.011670313639678999,0.00291757840992,342.75,4,0,1371,4,0.071074593050536,3.45941034191716,0.001458789204959883,2,0.982616244018045,0.2263254000838689,0.991231910847899,data_banknote_authentication.csv,GR
0.0,0.0,0.413589678218524,15.707982699413199,59.8893009345794,,,4.76,13.9520401205458,3.4692839999999996,58.4,25.705860465116306,24.84,13.02,0.2,0,5,45.38,6.6901690043539,2.62306021630443,0.011904148452345,24.9344186046512,59.8893009345794,0.5,0.0,0.032558139534884,0.023255813953488,43.0,5,0,215,5,0.09479531681323301,2.31366521993566,0.009302325581395349,2,0.471609905651539,2.22179267185603,0.640944184787529,new-thyroid1.csv,GR
0.0,0.032586558044807,0.17689609769918804,0.517446253783891,8.559044483472231,4.70939326099198,4.487037818913049,2.55555555555556,0.9183728262208181,1.8120666666666696,9.33333333333333,5.45930451836766,5.44444444444445,2.22222222222222,0.055555555555556,0,5,7.1111111111111125,1.70111381511054,-0.135306103714201,0.28796977124183004,5.4581293157564295,8.559044483472231,0.33333333333333304,6.790000000000001e-05,0.011541072640869,0.006109979633401,163.666666666667,9,3,1473,9,0.032929623802237004,1.5913806805333799,0.0013577732518669384,3,-2.44993194502795,2.47325985747324,0.9710227103477141,contraceptive5cn02.csv,chisquare
0.0,0.020889487870619998,0.08927313518066,0.001078270383237,0.010407774277616999,0.245101211733368,0.239341798605838,0.08625,28.5178429256537,0.05745075,0.945,0.381196933962264,0.3675,0.11875,0.035714285714286004,0,8,0.82625,0.096664034347213,2.90694148407036,0.115099317393092,0.37107903587443897,0.010407774277616999,0.5,0.0,0.017520215633423,0.005390835579515,185.5,8,1,1484,8,0.008720906375672,2.41983491377228,0.0013477088948787065,2,-0.07822923255571901,4.1443971214104804,0.161121206087741,yeast6.csv,chisquare
0.0,0.0,,0.005237117654035,0.020659543675503003,0.259617691479089,0.24763392330370296,0.17964285714285694,29.996362225389,0.104841,0.84,0.47003246753246797,0.445,0.167142857142857,0.047619047619047984,3,4,0.6728571428571429,0.11975538949038099,2.24722342090584,0.22318183646932396,0.46002164502164505,0.020659543675503003,0.666666666666667,0.0,0.004545454545455,0.031818181818182,31.428571428571402,7,1,220,7,0.11954601980208501,1.8469514757416896,0.00909090909090909,3,3.35130906928179,3.9041568413468495,0.6648386838170689,ecoli-0_vs_1.csv,GR
0.0,0.0,0.229922356716385,0.005604204626295999,0.029161477281421,0.22408322142012,0.173084939991831,0.20269083333333301,2.14495092458379,0.141808219,0.655823333333333,0.281320128824477,0.26696,0.018943333333333,0.074576271186441,0,39,0.63688,0.142318752615604,0.9550209960098679,0.0006914353668089999,0.27198264,0.029161477281421,0.0,0.0,0.0,0.289855072463768,3.45,60,0,207,60,0.049803478219089994,2.32169829100631,0.11594202898550725,2,0.992446404367329,1.7503238428595502,0.9962088839046741,connectionist-bench.data,chisquare
0.0,0.0,0.10659697585210197,0.43668205799653903,56.0684087643678,1.8096098925798,1.64959680361332,3.21875,0.090788702215319,2.2239,8.125,4.24137931034483,4.1875,0.96875,0.002016129032258,0,15,7.15625,2.116806682907,0.5314978179423089,0.295181086033951,4.15050287356322,56.0684087643678,0.625,0.0,0.0,0.22068965517241396,4.53125,32,6,145,32,0.022855681117986,1.2499784028960301,0.013793103448275862,8,-618.736390723765,2.7048817386530204,0.9539894544280699,highereducation.csv,GR
0.011069418386491996,0.0,0.253692354070394,15541.9742239779,2641269.56956967,123.311370152745,121.135856874076,420.9024,6.553094515990808,242.99398872,2303.2884,855.9845346341458,744.6560000000003,76.832,0.18,0,19,2226.4564,379.596481290269,0.268882083659306,0.12217365058284299,780.214702439024,2641269.56956967,0.666666666666667,0.0,0.009756097560976,0.12195121951219501,8.2,25,3,205,25,0.08695312566696299,1.7383715079931101,0.946341463414634,6,24.0891619328646,5.6581874377732895,0.879112953533775,Automobile_data.csv,fcbf
0.0,0.0049959591506870005,0.49818446373701497,7467273.03320338,109156686.838696,6146.33397157286,5712.56721055052,3192.91641277649,4.20641356165537,1961.90679111143,32602.4982633992,6778.41475662434,5710.005564710551,2631.3314703501896,0.4166666666666671,0,15,29971.166793049102,3718.9850858734003,0.36189627591505996,2.17e-06,5948.36023783223,109156686.838696,0.7142857142857142,0.0,0.004334729263096,0.001175519800162,850.6875,16,0,13611,16,0.18883261925329398,4.52356153836876,1.0354860039673792,7,-4.09311434181815,31.4387117479952,0.942737050809139,Dry_Bean_Dataset.csv,GR
0.0,0.020889487870619998,0.08927313518066,0.001078270383237,0.010407774277616999,0.245101211733368,0.239341798605838,0.08625,28.5178429256537,0.05745075,0.945,0.381196933962264,0.3675,0.11875,0.035714285714286004,0,8,0.82625,0.096664034347213,2.90694148407035,0.115099317393092,0.37107903587443897,0.010407774277616999,0.5,0.0,0.018194070080863,0.005390835579515,185.5,8,1,1484,8,0.008720906375672,2.41983491377228,0.0013477088948787065,2,-0.104362853381717,4.148089875134359,0.21583811252498,yeast4.csv,chisquare
0.0,0.0,,0.059761295822676995,0.4296342305037961,0.323756906845062,0.321722113502935,0.5714285714285711,-1.70025068339699,0.29652,1.45714285714286,0.844099378881987,0.8714285714285709,0.314285714285714,0.077310924369748,14,7,1.14285714285714,0.443783782718342,0.20623327748596804,0.639092970521542,0.8204081632653059,0.4296342305037961,0.75,0.0,0.0,0.7608695652173909,1.31428571428571,35,13,46,35,0.325669826277197,0.554774674413224,0.043478260869565216,4,3.559548917009049,0.7409458592269692,0.974229290941726,soybean-small.data,chisquare
0.544193533360593,0.0,0.078808348346058,73994.5179005974,6098459.98382643,0.0,0.0,735.556701030928,259.802494555738,374.56284123711305,21296.6494845361,734.9266558771768,466.422680412371,0.0,0.041666666666667,0,81,21296.6494845361,1174.86810020509,9.392838235260221,0.032955957752933,512.0150566857869,6098459.98382643,0.25,2.59e-06,0.031701749936596996,0.024600557950799,40.64948453608249,97,0,3943,97,0.040315791119065,1.8030173939622,0.0005072279989855441,4,-0.832976701627668,0.6871319893252391,0.7935695175844659,cargo2000_data_comma.csv,chisquare
0.0,0.051867219917013,0.11673575531692099,0.000834145206033,0.008349113620483002,0.307323297234759,0.302905199602588,0.069375,23.704054308463306,0.04633125,0.875,0.374242738589212,0.3625,0.1775,0.0,2,8,0.6975,0.08778888220254903,2.8552700508049904,0.11931379645716401,0.365081896551724,0.008349113620483002,0.5,0.0,0.014522821576764,0.016597510373443997,60.25,8,1,482,8,0.013387355837011998,1.96032158697645,0.004149377593360996,2,2.50892151663527,4.6561064001935,0.24909967018853896,yeast-2_vs_8.csv,GR
0.005494505494506,0.009615384615385001,0.139554384581682,0.207624995086671,7.0543782673637,1.0116879773607201,0.9628314104728342,2.125,0.7434562410708929,1.11195,4.3,2.82115384615385,3.05,0.65,0.031578947368421,0,8,3.65,1.2576697111484099,-0.227853118468276,0.39963126409728295,2.996875,7.0543782673637105,0.0,0.0,0.0,0.19230769230769199,5.2,20,15,104,20,0.070204153369025,0.918854765946734,0.019230769230769232,2,1.0708238009195699,1.8844004878692704,0.9674756088157441,Autism-Adolescent-Data.csv,chisquare
0.006077648766328,0.0,0.104558134652593,598.773441962143,1814245.16130952,0.0,0.0,43.6026666666667,19.5780054574495,11.873155,6815.98333333333,83.7857581035317,14.328,0.0,0.019047619047619,0,9,6815.98333333333,361.697474767939,2.01587165368244,0.192293556684392,20.116571887550197,1814245.16130952,0.0,0.00027213352685100003,0.017416545718433,0.021770682148041,45.9333333333333,15,3,689,15,0.03380912479355,1.7397310243538002,0.002902757619738752,2,388.312308851055,1.26362508201569,0.9909719248941172,creditapprovallimits.data,GR
0.0,0.03,0.118982310220019,4600.1094862515,142861.705132835,,,142.91981,3.4688964144262004,104.87220025799999,580.02698,260.7279905,255.15433,50.07158,0.033469387755102005,3,38,529.9554,100.54321656309799,0.526906993051227,0.0028251922312959995,256.359158583333,142861.705132835,0.0,4.9e-05,0.015,0.125,8.0,50,0,400,50,0.022476813559941,2.7993932860807997,0.01,4,0.0,7.17885271977153,1.0,Turkish_music.csv,chisquare
0.0,0.085,0.060855660485637,40.033786818531,7136.3303081371,1.9554354043392,0.6528283252958679,4.83866666666667,240.753420542086,2.35598145263158,483.94207017543886,6.1507714111365415,1.9994824561403501,0.052631578947369,0.019423558897243,0,57,483.889438596491,15.195639965464899,11.178355644890301,0.006083772808300001,2.53445921052632,7136.330308137091,0.0,0.000592203898051,0.035434782608696,0.012391304347826,80.7017543859649,57,0,4600,57,0.049352900328537,1.13003883702567,0.005217391304347826,2,-3.2307806331932905,0.276206814943945,0.967278400343707,spambase.data,GR
0.0,0.0,0.407056534919119,278.446154650724,2025.5889786488,113.838670848547,111.362871917064,34.5694444444444,5.09647653812027,21.1682333333333,198.888888888889,117.634948778566,111.555555555556,78.3888888888889,0.3921568627450979,0,8,120.5,22.7708391720963,1.03788710090791,0.024529774191605003,114.903215223097,2025.5889786488,0.666666666666667,0.0,0.015366430260047,0.021276595744681,47.0,18,0,846,18,0.10204439047522802,3.0929297541798197,0.0023640661938534287,3,-0.404614177624502,7.986347901844177,0.9507463868971652,vehicle1.csv,chisquare
0.0,0.22202166064982,0.028365126741311,1.62947070707824,2279.37357766302,1.5052571382693898,1.3621953969275098,33.2142857142857,-1.5909198231352202,24.4629,63.857142857142804,32.2124806601341,31.857142857142897,0.857142857142857,0.0,0,0,63.0,18.6960100910136,-0.009446996499157,0.320533552784972,32.1402908468777,2279.37357766303,0.0,0.0,0.0,0.012635379061372,79.1428571428571,7,2,554,7,0.043559532462853,1.67902954220261,0.0036101083032490976,2,-2.6151375584412597,2.29181331357551,0.9999905987424921,monks-1.csv,fcbf
0.0,0.06660333016650799,0.182901608582802,0.9493884280797701,5.343945868598059,0.0,0.0,2.625,0.6969295015858421,2.038575,15.0,5.9254931496574805,5.75,0.0,0.125,0,15,15.0,2.27375662480619,0.290250440381939,0.062453120312030985,5.84196629447546,5.343945868598059,0.0,0.000188244706353,0.006350317515876,0.0008000400019999999,1249.9375,16,0,19999,16,0.031225451873377007,2.9744293243921804,0.0001000050002500125,26,-2.37585229017585,2.6759027189754,0.999866693572548,letter-recognition.data,chisquare
0.0,0.470918136589778,0.118108228810855,0.062473704707917,0.577920636904081,,,0.666666666666667,1.28996811268582,0.14826,1.0,0.3040976933514249,0.5,-0.966666666666667,0.05977011494252901,0,18,1.96666666666667,0.745002203363145,-0.817088529856718,0.455506302394307,0.408673802703653,0.57792063690408,0.0,5.84e-06,0.003346901854365,0.0027137042062420004,368.5,30,22,11055,30,0.074804941876511,0.8264582792182541,0.00018091361374943465,2,1.0910347467630501,0.46417541281645497,0.9906239227414301,Phishing Websites Data Set.csv,chisquare
0.0,0.0,0.07393601418595501,39329.6107364582,797218044.6034911,20493.9257309031,18510.5379461662,7636.75,4.14903524706585,5470.07741,71540.2833333333,22025.769747491602,21883.508333333302,2107.875,0.0,0,5,69432.4083333333,8240.310809328621,0.9753103816940061,0.21900325654431896,21324.6753977901,797218044.6034911,0.5,0.0,0.030100334448161,0.040133779264214,24.9166666666667,12,5,299,12,0.018490486018966,1.8672320295239198,0.006688963210702341,2,0.882179530369041,3.91378505447998,0.9055415027672628,heart_failure_clinical_records_dataset.csv,GR
0.0,0.004672897196262,0.21450057114510104,0.111957351098135,0.702795788080074,10.8643538472947,10.840339983490301,0.5719349205555551,10.5297363895801,0.30090860801866604,14.263770000000001,11.2660868940083,11.2899014288889,9.75235,0.055555555555556,0,8,4.511419999999998,0.6902660905079511,1.79911239608482,0.009111690904754,11.2598359749744,0.702795788080073,0.5,0.002336448598131,0.023364485981309,0.042056074766355006,23.7777777777778,9,0,214,9,0.086505485281542,2.0174119113784,0.009345794392523364,2,-20.5376197685975,62.450079687952396,0.9385750889380641,glass1.csv,relief
0.003703703703704,0.111111111111111,0.09517110039231601,0.064887640449438,1.51869538077403,0.0,0.0,0.84375,0.506533392593701,0.0926625,3.375,2.2277777777777796,2.4375,0.0,0.0,0,2,3.375,0.931155160355535,-0.170273533477466,0.351123595505618,2.2453703703703702,1.51869538077403,0.666666666666667,0.0,0.011111111111111,0.08888888888888903,11.25,8,2,90,8,0.008616731994107,0.8461899994238629,0.022222222222222227,3,5.74543058802822,1.8556541215055,0.618505195003523,post-operative.csv,GR
0.0,0.0,0.24164263329462196,0.20119578134284,48.821645870469396,0.0,0.0,3.44117647058824,-0.256873973334925,2.2239,7.117647058823531,3.41823529411765,3.38235294117647,0.0,0.11764705882352902,0,9,7.117647058823531,2.19011683487088,0.3663298871833661,0.446034918405685,3.3941176470588195,48.821645870469396,0.857142857142857,0.0,0.0,0.17,5.882352941176469,17,15,100,17,0.18094578193367605,0.8340878141219079,0.02,7,-83.5463256972059,1.07113784816423,0.8553791814434449,zoo.data,MI
0.0146771037182,0.006849315068493,,0.226238550407936,9.71101598173516,0.0,0.0,2.25,-0.0033842018665420004,0.88956,5.05,2.3138698630137005,2.2,0.0,0.021052631578946997,1,4,5.05,1.4337125955271297,0.166372297683998,0.421961753405052,2.21335227272727,9.71101598173516,0.0,0.0,0.0,0.06849315068493199,14.6,20,14,292,20,0.066773527252645,1.09188882083939,0.00684931506849315,2,2.06482752234971,1.2757532626156,0.999153818036466,Autism-Child-Data.csv,GR
0.0,0.005434782608696,0.242066352869125,0.11587932942656501,0.64713624328179,10.8655305028118,10.8427121262021,0.53742723388889,5.94381039976194,0.292818140537999,13.805083333333302,11.266968820471,11.290830656666698,9.75235,0.083333333333333,0,9,4.05273333333333,0.646003560074641,1.31236038271536,0.009650113225184,11.2665419240079,0.64713624328179,0.5,0.002173913043478,0.021739130434783,0.04891304347826099,20.4444444444444,9,0,184,9,0.103295730479637,2.02401790968713,0.010869565217391304,2,0.3049924499072489,61.7631606357438,0.281761577885065,glass-0-1-6_vs_5.csv,chisquare
0.07577987051206599,0.0,0.031360512488895,3.23236911777561,2074.62536729969,5.11776916864276,1.9688167381421202,9.85609756097561,154.991128425705,5.82143492682927,26.1451219512195,10.836353713566599,10.537235772357699,0.016260162601626,0.002665600426496,0,103,26.128861788617893,6.64497143792273,8.00239074285986,0.4036655975302029,10.8819403103923,2074.62536729969,0.875,0.0,0.0047086521483229995,0.07239552678045899,13.8130081300813,123,89,1699,123,0.0026451291273449995,0.673189162295278,0.16951147733961153,8,1.0163078823481,0.473178371104733,0.339483029683567,myocardical.data,chisquare
0.013274170498156001,0.0,,0.266908270124958,2.23979174229046,0.0,0.0,1.8181818181818201,3.6966391239556198,1.01086363636364,4.09090909090909,2.28439448031963,2.3636363636363598,0.0,0.056277056277056,3,7,4.09090909090909,1.17913320246508,-0.633546101592974,0.304207272180062,2.33842424242424,2.23979174229046,0.7142857142857142,0.00014451717881099998,0.009233041979564002,0.002708358980672,369.22727272727303,22,6,8123,22,0.096201973967357,1.32311379597316,0.0002462144527883787,7,-13.8966665005915,2.1507766439237903,0.81018519906232,agaricus-lepiota.data,chisquare
0.000624804748516,0.022336769759450002,0.17773761318401698,1365.53295365491,17641.5822490869,39.092544187205206,33.2665553429033,25.315,26.5799038998291,14.8297065,924.26,54.2473453608247,34.2925,9.11,0.08888888888888903,0,8,915.15,74.2854219152306,2.8056458176758503,0.05916309036186099,36.863917142857105,17641.5822490869,0.5,0.002343017806935,0.025773195876288995,0.017182130584193,58.2,10,1,582,10,0.045555233354384,2.6761520701023196,0.01718213058419244,2,-1.3945856607781597,2.1138165172967,0.8647376449179129,Indian Liver Patient Dataset (ILPD).csv,fcbf
0.028125,0.282291666666667,0.22580833417489896,2.08135612182829,46.6034491223497,0.0,0.0,5.6,132.62541495186198,3.8547599999999997,32.8,13.498541666666698,14.0,0.0,0.1,0,3,32.8,4.12099302713256,4.05866063782799,0.143715501588286,13.721875,46.6034491223497,0.0,0.0,0.014583333333332999,0.005208333333333,192.0,5,0,960,5,0.09205576218279304,1.7399345445373002,0.0020833333333333333,2,-1.61482880235174,2.2910590652676,0.9959386076315959,mammographic_masses.data,fcbf
