"File","Completeness","Conciseness","cor.mean","cov.mean","eigenvalues.mean","g_mean.mean","h_mean.mean","iq_range.mean","kurtosis.mean","mad.mean","max.mean","mean.mean","median.mean","min.mean","nr_cor_attr","nr_norm","nr_outliers","range.mean","sd.mean","skewness.mean","sparsity.mean","t_mean.mean","var.mean","ClassImbRatio","ClassOverlapPerc","OutlierPerc","attr_to_inst","inst_to_attr","nr_attr","nr_bin","nr_inst","nr_num","attr_conc.mean","attr_ent.mean","ena","nUnique","snr.mean","cEntropy","LabelIssuesPerc"
"chronic_kidney_disease_full.csv",0.1009,0,0.175420471725848,17.6045106859029,644.461346981119,0,0,10.0358333333333,10.0325066273788,6.764671375,69.6177083333333,24.1444265625,24.406875,0,0.014492753623188,0,17,69.6177083333333,12.7811318286629,0.854752206629983,0.157499546546274,24.4118576388889,644.461346981118,0.333333333333333,0.0001,0.015,0.06,16.6666666666667,24,0,400,24,0.050283764747108,1.68460093121277,-7.8172251519115,3,2.43221557193168,0.628688355683825,0.005
"Autism-Adolescent-Data.csv",0.005494505494506,0.009615384615385,0.139554384581682,0.207624995086671,7.0543782673637,1.01168797736072,0.962831410472834,2.125,0.743456241070893,1.11195,4.3,2.82115384615385,3.05,0.65,0.031578947368421,0,8,3.65,1.25766971114841,-0.227853118468276,0.399631264097283,2.996875,7.05437826736371,0,0,0,0.192307692307692,5.2,20,15,104,20,0.070204153369025,0.918854765946734,1.07082380091957,2,1.88440048786927,0.967475608815744,0.019230769230769
"SouthGermanCredit.asc",0,0,0.080803514641365,819.931575264739,402581.868712813,124.709277054868,94.1882462992328,157.5125,1.70461605100485,101.224515,981.65,193.2092,145.2,14.35,0.005263157894737,0,11,967.3,157.47829683747,0.04500160751994,0.236799518440939,154.154,402581.868712813,0.5,0.00052380952381,0.016,0.02,50,20,3,1000,20,0.052971601773746,1.62840117813231,-1.18638766053486,2,3.00688256324187,0.881290899230693,0.002
"Z-Alizadeh sani dataset.xlsx",0,0,,76.3122637626917,106271.080057828,157.713637064769,151.404819820874,62.0054069871959,16.5527472261178,42.6192368157768,397.169102868796,164.964980298471,155.130463821892,80.6439165947274,0.006060606060606,4,41,316.525186274069,50.9884288039821,2.41120860082656,0.308595477017104,157.321859567958,106271.080057828,0.5,0,0.00990099009901,0.181518151815182,5.50909090909091,55,29,303,55,0.010838809282971,1.27280089731929,0.937861911602235,2,2.96797370002874,0.864983275201834,0.191419141914191
"Data_User_Modeling_Dataset_Hamdi Tolga KAHRAMAN.csv",0,0,0.121895229023978,0.006826439307152,0.055263712792206,0,0,0.3496,-0.804993827612538,0.2483355,0.952,0.417215503875969,0.3899,0,0,0,1,0.952,0.234298441246334,0.312666115949643,0.007733913906773,0.402664102564103,0.055263712792206,0.25,0,0,0.01937984496124,51.6,5,0,258,5,0.026738201633659,2.58022236609456,14.5097670239769,4,1.71229489917678,0.935524498952558,0.007751937984496
"non-verbal tourist data.csv",0.002382370458606,0,,0.414007162294834,11.9763214335132,2.20407373212586,2.0696384836061,2.04545454545455,2.37173887245959,1.28042727272727,6.68181818181818,3.44582814445828,3.45454545454545,1.18181818181818,0.108225108225108,1,8,5.5,1.55013049212959,0.327998877708087,0.326123327930077,3.34343434343434,11.9763214335132,0.833333333333333,0,0,0.301369863013699,3.31818181818182,22,4,73,22,0.089952389737973,0.985971740599846,37.7428999246854,6,1.51925324290941,0.803424401824039,0.26027397260274
"1year.csv",0.012774901205241,0.01166927565106,0.110239906998556,201649673.277656,5086383831.45451,,,127.719125671875,3804.98846235568,69.1049708633812,1590750.10695469,420.950970504116,46.081031625,-164608.064408031,0.094742063492064,0,64,1755358.17136272,21014.2274018235,35.5113749483888,1.65E-05,59.3212688736105,5086383831.45452,0.5,0,0.004980788387648,0.009107727337413,109.796875,64,0,7027,64,0.033232553307926,4.17853835940504,0.133578708163119,2,0.16424979633011,0.235676106477994,0.000284616479294
"2year.csv",0.018385016143789,0.008846947803008,0.103703983688406,6143299.8374756,701112311.98595,,,102.209567311438,6876.99524444132,53.3054789986491,658268.081995313,199.96402416473,31.2768026609375,-73154.7883199702,0.091269841269841,0,64,731422.870315283,7832.53927748507,51.8959872021184,1.34E-05,42.8615702049263,701112311.98595,0.5,0,0.008158851862774,0.006291162882139,158.953125,64,0,10173,64,0.02642126783336,4.29968841438047,0.135824514129374,2,0.102494643559945,0.239164611152076,0.000196598840067
"3year.csv",0.014483773866807,0.008283347614967,0.082104863432127,703894.723651084,597952689.836024,,,108.012012824844,5352.37733987658,55.1900173139221,510392.0279125,194.717231221728,33.0618828234375,-276019.85534254,0.060515873015873,0,64,786411.883255041,7839.38129819765,31.1906497588735,1.22E-05,45.4741616491521,597952689.836024,0.5,0,0.004665333714177,0.006093497096068,164.109375,64,0,10503,64,0.033053744945899,4.31435303494179,0.158799135542586,2,0.134872031783589,0.274075343468791,0.000190421784252
"4year.csv",0.013788335847159,0.008374183006536,0.084706090074624,1564483.43102742,519931736.5457,,,116.409511283906,4954.75067414416,59.1701504610418,553989.229215625,251.406790901892,35.9179646296875,-50373.9932224712,0.074404761904762,0,64,604363.222438096,6635.80745033817,30.5078653501994,1.29E-05,49.4965293558957,519931736.5457,0.5,0,0.005514705882353,0.006535947712418,153,64,0,9792,64,0.031307395824637,4.31383754553709,0.17461561884813,2,0.125507181421772,0.297315336261856,0.000204248366013
"5year.csv",0.012146297019394,0.01015228426396,0.103771843488669,335321.539475506,546124418.64143,,,159.08692678125,3646.41709133697,76.7093898474422,280354.809740625,254.125534103265,48.88860175,-187655.346927172,0.096230158730159,0,64,468010.156667797,6402.4493615772,18.4646722669949,1.79E-05,67.1681092239495,546124418.64143,0.5,0,0.005414551607445,0.01082910321489,92.34375,64,0,5910,64,0.044945627192788,4.10200340395069,0.222182344530706,2,0.164238561805555,0.363582971927188,0.000338409475465
"abalone.data",0,0,0.675863527164859,0.019801270984034,0.127904738012734,0.268275191378155,0.195181581555648,0.466421875,9.44825990870391,0.34539946875,1.3341875,0.466473913433908,0.45634375,0.016875,0.75,0,7,1.3173125,0.255577867874314,0.530009675623701,0.04635925117059,0.465189320630487,0.127904738012734,0.857142857142857,0.000186249467859,0.009818007662835,0.001915708812261,522,8,0,4176,8,0.207297288488838,3.68484330047972,-0.861856044082037,28,2.53836364400192,0.749183066272741,0.014846743295019
"abalone9-18.csv",0,0,0.676480002158606,0.012963757454118,0.119707854243929,0.327720113420351,0.298163181822494,0.41,0.567974655153132,0.3047669625,1.0874375,0.484299076607387,0.477125,0.092375,0.75,0,7,0.9950625,0.223927495432515,0.113965129280583,0.048766573834858,0.487157033029613,0.119707854243928,0.5,0,0.013679890560876,0.0109439124487,91.375,8,0,731,8,0.205392015999384,2.95887622202667,-0.318822765623936,2,3.19681380245583,0.31726044034373,0.002735978112175
"adult.csv",0.008824733824734,0.000593775593776,0.06893676706767,37555.8717726106,800577056.734558,11434.8891513832,9024.41240382821,8581.26785714286,14.1534124684062,6387.72915,113932.428571429,13641.948040248,12735.75,878.857142857143,0.010989010989011,0,10,113053.571428571,8107.88999756734,0.766468531165113,0.098432072133742,12682.5090870091,800577056.734559,0.75,0.000170625170625,0.005610155610156,0.00028665028665,3488.57142857143,14,1,48840,14,0.042368816475971,2.1931763957861,-1.31205113368526,4,2.19780860733706,0.856068777545002,4.10E-05
"agaricus-lepiota.data",0.013274170498156,0,,0.266908270124958,2.23979174229046,0,0,1.81818181818182,3.69663912395562,1.01086363636364,4.09090909090909,2.28439448031963,2.36363636363636,0,0.056277056277056,3,7,4.09090909090909,1.17913320246508,-0.633546101592974,0.304207272180062,2.33842424242424,2.23979174229046,0.714285714285714,0.000144517178811,0.009233041979564,0.002708358980672,369.227272727273,22,6,8123,22,0.096201973967357,1.32311379597316,-13.8966665005915,7,2.15077664392379,0.81018519906232,0.000246214452788
"Algerian_forest_fires_dataset_UPDATE.csv",0.000292740046838,0,,44.4659354853078,454.419409830876,172.050085671181,170.708180990797,21.45,1.89078261351671,15.1909476923077,215.438461538462,185.486633039092,184.965384615385,161.415384615385,0.179487179487179,1,7,54.0230769230769,13.6205141425286,0.581244488321534,0.1095960188801,185.097245322245,454.419409830876,0.777777777777778,0.000292740046838,0.004098360655738,0.05327868852459,18.7692307692308,13,0,244,13,0.122817388849454,2.26130169739874,-6.1352102049214,9,2.94518372263325,0.425673484874819,0.295081967213115
"appendicitis.csv",0,0,0.479963985270769,0.019308209587986,0.040056341612117,0,0,0.241357142857143,1.13979976331121,0.1568379,1,0.417912398921833,0.429428571428571,0,0.523809523809524,3,7,1,0.199772012326921,0.224712164688102,0.005786448613092,0.419841517857143,0.040056341612117,0.5,0,0.018867924528302,0.066037735849057,15.1428571428571,7,0,106,7,0.188034521101149,1.99654613895439,0.560230866069493,2,1.86760370862938,0.718138422015476,0.018867924528302
"audit_risk.csv",4.77E-05,0.016752577319588,,92.9656027389033,670.119881512358,1.05655954777776,0.797636217141057,4.7297,114.23908784016,0.931722863076923,263.203553846154,5.22532505511499,1.36821538461538,0.616538461538462,0.110769230769231,1,20,262.587015384615,14.7990033861358,7.18890057616542,0.171648043051734,2.22492961802575,670.119881512358,0,0.00114547537228,0.030927835051546,0.033505154639175,29.8461538461538,26,0,776,26,0.131845278804469,1.64350606520911,-1.56589671003119,2,1.94514839512061,0.966734147000341,0.002577319587629
"audit_trial.csv",7.16E-05,0.016752577319588,0.223743129741234,37.2480159164747,613.326581670406,1.90697978529059,1.62327419934843,6.62573529411765,88.4907709213806,1.30730435294118,219.095294117647,6.27700479078229,2.41352941176471,1.34411764705882,0.088235294117647,0,12,217.751176470588,13.0996118717296,6.04465601923735,0.185904594915211,3.62899019187074,613.326581670406,0.5,0,0.007731958762887,0.021907216494845,45.6470588235294,17,0,776,17,0.131154417822164,1.51648682291447,-1.33298576180407,2,2.5805671277318,0.953479191598544,0.002577319587629
"Autism-Adult-Data.csv",0.012987012987013,0.007102272727273,,0.362437107373049,29.5395624878767,0,0,3.3,16.6836704173705,1.33434,24.45,3.53401988636364,2.75,0,0.031578947368421,1,5,24.45,2.34209786459666,1.28860696485191,0.418028889480144,3.24115566037736,29.5395624878766,0.5,6.76E-05,0.004261363636364,0.028409090909091,35.2,20,14,704,20,0.050179710863421,1.16156440550561,2.28390914199225,2,1.14650371352534,0.83925468888711,0.002840909090909
"Autism-Child-Data.csv",0.0146771037182,0.006849315068493,,0.226238550407936,9.71101598173516,0,0,2.25,-0.003384201866542,0.88956,5.05,2.3138698630137,2.2,0,0.021052631578947,1,4,5.05,1.43371259552713,0.166372297683998,0.421961753405052,2.21335227272727,9.71101598173516,0,0,0,0.068493150684932,14.6,20,14,292,20,0.066773527252645,1.09188882083939,2.06482752234971,2,1.2757532626156,0.999153818036466,0.006849315068493
"Automobile_data.csv",0.011069418386492,0,0.253692354070394,15541.9742239779,2641269.56956967,123.311370152745,121.135856874076,420.9024,6.55309451599081,242.99398872,2303.2884,855.984534634146,744.656,76.832,0.18,0,19,2226.4564,379.596481290269,0.268882083659306,0.122173650582843,780.214702439024,2641269.56956967,0.666666666666667,0,0.009756097560976,0.121951219512195,8.2,25,3,205,25,0.086953125666963,1.73837150799311,24.0891619328646,6,5.65818743777329,0.879112953533775,0.946341463414634
"automobileimbalance.csv",0,0,,12012.8542817461,1400072.92027227,743.713534086976,706.209768109713,359.4486,1.00265572240612,183.78784032,1882.3524,793.77240754717,702.6936,452.4804,0.206666666666667,1,18,1429.872,278.818700196896,0.392407882749722,0.157221730252722,732.115979381443,1400072.92027227,0.5,0,0,0.157232704402516,6.36,25,3,159,25,0.143284302327572,1.69872730027651,9.64220966197336,6,6.8301492935406,0.876880292886463,0.163522012578616
"balance-scale.data",0,0,0.003215434083601,0.00643083508252,1.99998971066387,2.60917166449826,2.19396425432171,2,-1.30367876577607,1.4826,5,3.00320512820513,3,1,0,0,0,4,1.41420992453874,-0.002255466012318,0.198715890850722,3.00531914893617,1.99998971066387,0.333333333333333,0,0,0.006410256410256,156,4,0,624,4,1.03E-05,2.32192067267793,-1.67231268870369,3,2.14336602213343,0.829243900791447,0.003205128205128
"balancescaleimbalanced.csv",0,0,0,0,2.00320512820513,2.60517108469735,2.18978102189781,2,-1.305435648,1.4826,5,3,3,1,0,0,0,4,1.41534629268074,0,0.198717948717949,3,2.00320512820513,0.333333333333333,0,0.0016,0.0064,156.25,4,0,625,4,-6.25E-08,2.32192809488736,-1.67703973493132,3,2.13810227696653,0.831638758545922,0.0032
"bloodtransfusion.data",0,0.287433155080214,0.465998261830853,5568.26656984444,532947.021750549,234.437986697358,159.362935556029,325.0625,10.1131444235108,193.10865,3180.5,356.994986631016,259.75,63.25,0.5,0,3,3117.25,374.534549474877,2.25404263346082,0.025117841091413,267.449444444444,532947.02175055,0.5,0,0.00668449197861,0.005347593582888,187,4,0,748,4,0.222062010459329,2.88254076620027,-0.351979966773221,2,1.00626227202592,0.791644629845233,0.002673796791444
"bone-marrow.csv",0.011706894059835,0,0.104678760655639,58705092.2840689,7897951585.23397,,,43.2465149166667,2.39471403216278,26.0201758027167,83437.9309554167,24837.5861924006,27800.4917436667,1.38990486111111,0.036507936507937,0,18,83436.5410505556,24148.2833023134,0.634007965607607,0.295711952310965,26574.5931934626,7897951585.23396,0,0,0.026737967914439,0.192513368983957,5.19444444444445,36,17,187,36,0.06231732200141,1.36442811681023,1.82609622186652,2,1.09876650150725,0.994030211476956,0.026737967914439
"Breast Cancer Wisconsin (Diagnostic) data set-5cn10-nc.csv",0,0,0.394570467871145,676.465166988294,15063.2185423957,54.205968554514,48.4054082356196,35.2150333333333,7.66176224876026,20.79786338,264.1855,61.8907182190978,50.7994,15.6040666666667,0.333333333333333,0,29,248.581433333333,34.9047229903534,1.72549456880462,0.008434537862888,53.2946113702624,15063.2185423956,0.5,5.67E-05,0.008787346221441,0.052724077328647,18.9666666666667,30,0,569,30,0.07266422633518,2.96660161329991,-0.563422774106037,2,2.91475590806968,0.95263512240186,0.003514938488576
"breast-cancer-wisconsin.data",0.002083876009377,0.011461318051576,0.491101133112918,19048.7872473881,38134610953.868,98001.4181722925,83119.2593941838,36812.275,26.9607469469753,15475.97184,1345444.2,107183.494842407,117172.5,6164.2,0.6,0,6,1339280,61755.704250413,2.68557463019868,0.089052216921346,112625.009047619,38134610953.868,0.5,0,0.025787965616046,0.01432664756447,69.8,10,0,698,10,0.166756145399522,1.95581589926247,-0.700990014861787,2,1.35564227166219,0.929774712895958,0.336676217765043
"breastcancercoimbra.csv",0,0,0.229355487230774,180.632828850591,13458.9732338541,73.5503592346386,60.8191698377445,59.0749517838889,5.02423843199127,41.5224096852297,257.883233378889,86.8392146872127,77.0824208268333,17.8099365185556,0.111111111111111,0,7,240.073296860333,49.0775353667736,1.76455295327255,0.002619177058719,78.4873425306254,13458.9732338541,0,0,0,0.077586206896552,12.8888888888889,9,0,116,9,0.063074687713041,1.99856432247711,0.984651969305299,2,2.39458799055802,0.992266638719496,0.017241379310345
"breastcancerimbalance.csv",0,0.342606149341142,0.601939305572724,4.72049433312008,7.89232093284424,2.24806686582751,1.7419951789071,3.11111111111111,1.58940420661804,0.4942,10,3.14836505612494,1.66666666666667,1,0.75,0,5,9,2.76011432513635,1.46045638217082,0.099916730024257,2.24168694241687,7.89232093284424,0.5,0.002049780380674,0.026354319180088,0.013177159590044,75.8888888888889,9,0,683,9,0.207130861114289,1.84745409757772,-0.747354549558052,2,1.11071757407231,0.934002658821795,0.002928257686676
"breastcancerwdbc.data",0,0,0.372531214387419,29686571.0763624,505037826112719,73132.1764432069,14539.6610318304,256672.43447271,8.88777468871046,2140.17695265367,29397691.2117822,981473.346846954,29279.9229034194,294.778142316129,0.30752688172043,0,30,29397396.4336399,4036312.05008635,1.8919825563385,0.000202299904704,81875.9732674518,505037826112719,0.5,0,0,0.054577464788732,18.3225806451613,31,0,568,31,0.087956760275912,2.99995266424453,0.908034359016443,2,2.83675067578236,0.951800846484252,0.052816901408451
"brestcancerwpbc.data",0.000580130529369,0,0.27694588663329,204525.076812562,246208864950.487,29734.9603493971,12332.8532399347,2157.63833961765,2.56217854960261,1435.74717498289,277015.311538529,58906.4172884022,26150.7335427941,279.953473147059,0.203208556149733,2,33,276735.358065382,85129.0581462496,1.1288394647342,0.002186762604984,26217.7202951886,246208864950.487,0.5,0,0.00507614213198,0.17258883248731,5.79411764705882,34,0,197,34,0.055045581508722,2.30566114731318,0.656546100779736,2,3.34046283223285,0.79266867426231,0.076142131979696
"bupa.data",0,0.011627906976744,0.265474951571386,68.9922571021764,399.190560941984,39.0513519649995,36.852817712473,14.7916666666667,6.40744801193074,9.6369,132.5,42.7916666666667,38.9166666666667,17,0.2,0,6,115.5,15.8386088682907,1.67448883840004,0.023932982217439,39.4735576923077,399.190560941985,0,0.001661129568106,0.01453488372093,0.017441860465116,57.3333333333333,6,0,344,6,0.037108426913746,2.72441570608841,-1.31609701058205,2,4.76453855139605,0.98079836469443,0.005813953488372
"burstheader.csv",0.000634249471459,0.8,,5797628945813.79,349418557528004,4293925.58611867,3051064.21385477,5449752.21005395,5.1915441973969,4382500.28136658,52874626.3933501,5727744.21247225,4881797.91273505,789127.702847286,0.3,1,6,52085498.6905028,5458365.36309604,0.965647235104169,0.104406713265054,5234331.98827539,349418557528004,0.5,0,0,0.01953488372093,51.1904761904762,21,1,1075,21,0.192262833545589,2.96650923947241,-1.24524916353569,4,1.73219983520111,0.891728423973138,0.001860465116279
"caesarian.csv",0,0.050632911392405,0.135923591337832,0.302969814995131,5.42447257383966,5.76122184030867,5.63919286100562,2.1,-0.847873506912557,0.88956,9.8,6.28860759493671,5.8,3.6,0,1,2,6.2,1.56338317801122,0.43586844344613,0.283352758352758,6.21224489795918,5.42447257383966,0,0,0.012658227848101,0.063291139240506,15.8,5,1,79,5,0.044638732638625,1.45166552469217,1.59414767211719,2,1.97565956578746,0.980377508715691,0.025316455696203
"car.data",0,0,0.000647572770207,0.000647342560828,0.958598390634468,0,0,1.75,-1.43152017770001,1.4826,2.5,1.2498552403011,1.16666666666667,0,0,0,0,2.5,0.967415673259816,0.000155165493543,0.291256276554654,1.24975891996143,0.958598390634467,0.75,0,0,0.003474232773596,287.833333333333,6,0,1727,6,7.90E-07,1.79248064552949,-40.194056907085,4,1.35319477314559,0.603070677828256,0.001158077591199
"cargo2000_data_comma.csv",0.544193533360593,0,0.078808348346058,73994.5179005974,6098459.98382643,0,0,735.556701030928,259.802494555738,374.562841237113,21296.6494845361,734.926655877177,466.422680412371,0,0.041666666666667,0,81,21296.6494845361,1174.86810020509,9.39283823526022,0.032955957752933,512.015056685787,6098459.98382643,0.25,2.59E-06,0.031701749936597,0.024600557950799,40.6494845360825,97,0,3943,97,0.040315791119065,1.8030173939622,-0.832976701627668,4,0.687131989325239,0.793569517584466,0.000507227998986
"cervical_behaviour.csv",0,0,0.220142432793558,2.76891890655172,11.5948851000741,8.30472762387419,7.39648148064696,5.5921052631579,0.582838049416594,3.27732631578947,12.8947368421053,9.11695906432749,9.60526315789474,2.84210526315789,0.157894736842105,0,5,10.0526315789474,3.20991170875253,-0.669642349295322,0.092941454394383,9.41507177033493,11.5948851000741,0.5,0,0,0.263888888888889,3.78947368421053,19,0,72,19,0.115137284057475,1.58597945006179,4.63377123447985,2,3.19339905549582,0.870864469235364,0.027777777777778
"cervical_risk_factors_cervical_cancer.csv",0.117262367262367,0.03962703962704,,0.138822662229461,3.92594162870387,0.73231935982527,0.701533374046642,0.628571428571429,136.657128233184,0.41301,10,1.5673778099559,1.35,0.371428571428571,0.043697478991597,2,32,9.62857142857143,1.02151740537773,7.73347860071733,0.382257192837176,1.36308496129801,3.92594162870387,0.5,0.000226625226625,0.018648018648019,0.040792540792541,24.5142857142857,35,21,858,35,0.018075766147516,0.600931482154743,0.301049616869771,2,0.510365777902097,0.343519741007401,0.002331002331002
"Chemical Composion of Ceramic.csv",0,0,0.282243283520706,3205.00623106044,34257.784253515,,,114.129444444444,0.287095067063748,64.7727348333333,383.692222222222,127.481111111111,101.101111111111,31.5972222222222,0.183006535947712,2,8,352.095,85.2707915164909,0.669649043413146,0.028627504270988,109.232026748971,34257.784253515,0,0,0.011363636363636,0.204545454545455,4.88888888888889,18,0,88,18,0.134600336662398,1.97113870232902,1,2,3.47378844779835,1,0.022727272727273
"chesskr-vs-kp.data",0,0,0.080617548212951,0.010705402665769,0.13262802461623,0,0,0.361111111111111,110.887929485848,0,1.02777777777778,0.262815162580421,0.166666666666667,0,0.012698412698413,0,23,1.02777777777778,0.333373139474417,4.39448519774347,0.495212377374244,0.209992465078537,0.13262802461623,0,8.46E-06,0.004694835680751,0.011267605633803,88.75,36,35,3195,36,0.010497050163366,0.580495328571337,0.87481940975561,2,0.629320194055872,0.998594657754704,0.000625978090767
"ckd-dataset-v2.csv",0,0,0.217669404040004,0.213405187312222,1.86013460157932,0,0,1.25,4.26861099991752,0.68835,3.89285714285714,1.95642857142857,1.96428571428571,0,0.058201058201058,0,18,3.89285714285714,1.05115817070264,0.134812366297706,0.312351025380458,1.94761904761905,1.86013460157932,0.6,0,0.005,0.14,7.14285714285714,28,13,200,28,0.06020831445145,1.10918255526766,-5.70811615152429,10,1.83184560276901,0.88640258325904,0.01
"climate_pop_failures.dat",0,0,0.011744299215512,0.065084961215055,135.354822895777,3.79822374368015,1.74371706284955,5.02360533749342,-1.22162119746641,3.74346217891234,10.0487264131654,5.07501985225455,5.07494842745648,0.101224350475046,0,0,0,9.94750206269039,2.9013547679908,4.89E-06,0.016790352504638,5.07500834794454,135.354822895777,0.5,0,0,0.037037037037037,27,20,0,540,20,0.01310148854189,2.9291946900944,0.808201089716053,2,1.84032007809173,0.420191037085176,0.009259259259259
"column_2C_weka.csv",0,0,0.405162577132888,141.226056424473,418.288379287621,,,22.948599454375,6.97949849139179,15.6490562500181,168.008662983333,52.856930820672,49.5086915316667,17.6640499938333,0.466666666666667,0,6,150.3446129895,18.3497367178821,1.11085831298761,0.00011345507234,50.7794689643315,418.288379287621,0.5,0.000921658986175,0.009677419354839,0.019354838709678,51.6666666666667,6,0,310,6,0.082085821283245,2.58484264105621,0.830103725391625,2,3.07714546173907,0.907165767573082,0.006451612903226
"column_3C_weka.csv",0,0,0.405162577132888,141.226056424473,418.288379287621,,,22.948599454375,6.97949849139179,15.6490562500181,168.008662983333,52.856930820672,49.5086915316667,17.6640499938333,0.466666666666667,0,6,150.3446129895,18.3497367178821,1.11085831298761,0.00011345507234,50.7794689643315,418.288379287621,0.333333333333333,0.000460829493088,0.012903225806452,0.019354838709678,51.6666666666667,6,0,310,6,0.082085821283245,2.58484264105621,2.93592585297452,3,3.21790975799971,0.94125908064116,0.006451612903226
"congress_house-votes-84.data",0.047222601337519,0.215777262180974,0.36507735099371,0.338370609183618,0.916793017860033,0,0,1.9375,-1.78031912994086,0.4633125,2,1.03915313225058,1.0625,0,0.391666666666667,0,0,2,0.955675619303071,-0.082697896578157,0.331782945736434,1.05936293436293,0.916793017860033,0,0,0,0.037122969837587,26.9375,16,0,431,16,0.172120656112006,1.0684170200653,7.8229191609935,3,1.0841336523318,0.960016696690314,0.004640371229698
"connect-4.data",0,0,0.084361228707582,0.024300702466062,0.287998713151419,0,0,0.380952380952381,124.339083399309,0.1765,2,0.285714285714286,0.119047619047619,0,0.016260162601626,6,30,2,0.46458658156178,6.51707431292924,0.333323464831125,0.171211352256894,0.287998713151419,0.666666666666667,1.03E-06,0.005269702173012,0.000621706436142,1608.47619047619,42,0,67556,42,0.014583841861615,0.678081508073386,3.63611744665304,3,0.470691008988523,0.76875854367151,2.96E-05
"connectionist-bench.data",0,0,0.229922356716385,0.005604204626296,0.029161477281421,0.22408322142012,0.173084939991831,0.202690833333333,2.14495092458379,0.141808219,0.655823333333333,0.281320128824477,0.26696,0.018943333333333,0.074576271186441,0,39,0.63688,0.142318752615604,0.955020996009868,0.000691435366809,0.27198264,0.029161477281421,0,0,0,0.289855072463768,3.45,60,0,207,60,0.04980347821909,2.32169829100631,0.992446404367329,2,1.75032384285955,0.996208883904674,0.115942028985507
"contraceptive.data",0,0.032608695652174,0.17692997302146,0.517901923602696,8.55925432968141,4.71011686372118,4.48766492819878,2.58333333333333,0.916256739719969,1.81206666666667,9.33333333333333,5.46006944444444,5.44444444444445,2.22222222222222,0.055555555555556,0,5,7.11111111111111,1.70130309982557,-0.135730732054897,0.287969442630138,5.45927601809955,8.55925432968141,0.333333333333333,6.79E-05,0.011548913043478,0.006114130434783,163.555555555556,9,3,1472,9,0.032943160022041,1.59133971656052,-2.44928565927982,3,2.4730354643141,0.971155904879797,0.001358695652174
"contraceptive5cn02.csv",0,0.032586558044807,0.176896097699188,0.517446253783891,8.55904448347223,4.70939326099198,4.48703781891305,2.55555555555556,0.918372826220818,1.81206666666667,9.33333333333333,5.45930451836766,5.44444444444445,2.22222222222222,0.055555555555556,0,5,7.11111111111111,1.70111381511054,-0.135306103714201,0.28796977124183,5.45812931575643,8.55904448347223,0.333333333333333,6.79E-05,0.011541072640869,0.006109979633401,163.666666666667,9,3,1473,9,0.032929623802237,1.59138068053338,-2.44993194502795,3,2.47325985747324,0.971022710347714,0.001357773251867
"contraceptivemulticlass.csv",0,0.032586558044807,0.176896097699188,0.517446253783891,8.55904448347223,4.70939326099198,4.48703781891305,2.55555555555556,0.918372826220819,1.81206666666667,9.33333333333333,5.45930451836766,5.44444444444445,2.22222222222222,0.055555555555556,0,5,7.11111111111111,1.70111381511054,-0.135306103714201,0.28796977124183,5.45812931575643,8.55904448347223,0.333333333333333,6.79E-05,0.011541072640869,0.006109979633401,163.666666666667,9,3,1473,9,0.032929623802237,1.59138068053338,-2.44993194502795,3,2.47325985747324,0.971022710347714,0.001357773251867
"creditapprovallimits.data",0.006077648766328,0,0.104558134652593,598.773441962143,1814245.16130952,0,0,43.6026666666667,19.5780054574495,11.873155,6815.98333333333,83.7857581035317,14.328,0,0.019047619047619,0,9,6815.98333333333,361.697474767939,2.01587165368244,0.192293556684392,20.1165718875502,1814245.16130952,0,0.000272133526851,0.017416545718433,0.021770682148041,45.9333333333333,15,3,689,15,0.03380912479355,1.7397310243538,388.312308851055,2,1.26362508201569,0.990971924894117,0.002902757619739
"Cryotherapy.xlsx",0,0.011111111111111,0.153613630735263,24.688506034124,2926.2562161881,14.1055142242586,9.19424856227435,18.6875,2.36180791646696,12.787425,141,21.7981481481481,18.5,3.70833333333333,0,0,2,137.291666666667,25.5791944525568,1.04219475218589,0.162623425263875,17.4429012345679,2926.2562161881,0,0,0,0.066666666666667,15,6,1,90,6,0.041074321418378,1.64929664930667,3.34065623523779,2,1.79156046926034,0.996791631981636,0.022222222222222
"data_banknote_authentication.csv",0,0.017505470459519,0.425533582132907,6.66572541423237,16.3778709123223,,,5.1651275,0.134672012831211,3.7725387105,10.038325,0.639334701605981,0.7097725,-8.662375,0.333333333333333,0,2,18.7007,3.7806603088323,-0.118403838455067,7.01E-05,0.68580067242017,16.3778709123223,0,0,0.011670313639679,0.00291757840992,342.75,4,0,1371,4,0.071074593050536,3.45941034191716,0.982616244018045,2,0.226325400083869,0.991231910847899,0.00145878920496
"dermatology.data",0.000626223091977,0,0.228673834262757,0.256564829207859,8.29748341907891,0,0,1.32352941176471,2.40927291645579,0.697694117647059,5.02941176470588,1.76502820306205,1.44117647058824,0,0.094474153297683,0,24,5.02941176470588,1.28278588068989,1.38726177178156,0.250888817065288,1.53693258125168,8.29748341907891,0.666666666666667,7.83E-05,0.005479452054795,0.093150684931507,10.7352941176471,34,1,365,34,0.079280790970186,1.1849565299042,-6.51797296365267,6,0.954112067767868,0.940885085216075,0.005479452054795
"divorce.csv",0,0.117647058823529,0.722546950365172,1.73549048066251,2.37073455286125,0,0,3.11111111111111,-1.31672915073845,1.61987777777778,4,1.78398692810458,1.46296296296296,0,0.890985324947589,0,2,4,1.52910232779936,0.152802104822012,0.195266272189349,1.70533769063181,2.37073455286125,0,0,0.005882352941176,0.317647058823529,3.14814814814815,54,0,170,54,0.305795074387585,1.79756826587899,-1.32228160737971,2,1.17526440759367,0.999900157209488,0.011764705882353
"Dry_Bean_Dataset.csv",0,0.004995959150687,0.498184463737015,7467273.03320338,109156686.838696,6146.33397157286,5712.56721055052,3192.91641277649,4.20641356165537,1961.90679111143,32602.4982633992,6778.41475662434,5710.00556471055,2631.33147035019,0.416666666666667,0,15,29971.1667930491,3718.9850858734,0.36189627591506,2.17E-06,5948.36023783223,109156686.838696,0.714285714285714,0,0.004334729263096,0.001175519800162,850.6875,16,0,13611,16,0.188832619253294,4.52356153836876,-4.09311434181815,7,31.4387117479952,0.942737050809139,1.03548600396738
"ecoli-0_vs_1.csv",0,0,,0.005237117654035,0.020659543675503,0.259617691479089,0.247633923303703,0.179642857142857,29.996362225389,0.104841,0.84,0.470032467532468,0.445,0.167142857142857,0.047619047619048,3,4,0.672857142857143,0.119755389490381,2.24722342090584,0.223181836469324,0.460021645021645,0.020659543675503,0.666666666666667,0,0.004545454545455,0.031818181818182,31.4285714285714,7,1,220,7,0.119546019802085,1.84695147574169,3.35130906928179,3,3.90415684134685,0.664838683817069,0.009090909090909
"ecoli-5cn01-nc.csv",0,0,0.123562804286909,40.4690010830203,344.71982434765,17.3860330412616,9.72233973397662,20.75,50.8939650292607,13.9788,73,40.1530612244898,39.7857142857143,0.571428571428571,0.047619047619048,0,4,72.4285714285714,16.5191480221216,-3.55760878759474,0.150605574902024,40.6789250353607,344.71982434765,0.875,0.000372023809524,0.011904761904762,0.020833333333333,48,7,2,336,7,0.169118053364759,1.84239321519772,87.0385637286828,8,5.05834033703488,0.729581861063742,0.089285714285714
"ecoli.data",0,0,0.185635996281269,50.9772024518624,2084.46373738056,0.213323400964442,0.203318484149805,37.265,39.1667744268985,27.7773346666667,74.9733333333333,37.4999004975124,37.4811111111111,0.13,0.083333333333333,0,4,74.8433333333333,21.6340743220178,2.77517757349112,0.117026643703963,37.4912935323383,2084.46373738056,0.875,0,0,0.026865671641791,37.2222222222222,9,2,335,9,0.0524106448344,2.03306866759679,-25.4957139109156,8,4.30223006483641,0.730530510128212,0.059701492537314
"ecoli1.csv",0,0,0.184000466697214,0.005298356051376,0.024826500406133,0.27418359042625,0.261361969865897,0.1975,50.8659221573284,0.130257,0.965714285714286,0.499566326530612,0.475714285714286,0.167142857142857,0.047619047619048,0,4,0.798571428571429,0.143728696684287,3.57337294857785,0.150446540824951,0.488521923620934,0.024826500406133,0.666666666666667,0,0.014880952380952,0.020833333333333,48,7,2,336,7,0.046762613795053,1.87537941097588,2.70659628894936,3,4.91691474102544,0.545896879580807,0.005952380952381
"ecoli2.csv",0,0,0.184000466697214,0.005298356051376,0.024826500406133,0.27418359042625,0.261361969865897,0.1975,50.8659221573284,0.130257,0.965714285714286,0.499566326530612,0.475714285714286,0.167142857142857,0.047619047619048,0,4,0.798571428571429,0.143728696684287,3.57337294857785,0.150446540824951,0.488521923620934,0.024826500406133,0.666666666666667,0.000372023809524,0.017857142857143,0.020833333333333,48,7,2,336,7,0.046762613795053,1.87537941097588,1.91997263847314,3,4.90234327364853,0.449155406367399,0.005952380952381
"ecoli3.csv",0,0,0.184000466697214,0.005298356051376,0.024826500406133,0.27418359042625,0.261361969865897,0.1975,50.8659221573284,0.130257,0.965714285714286,0.499566326530612,0.475714285714286,0.167142857142857,0.047619047619048,0,4,0.798571428571429,0.143728696684287,3.57337294857786,0.150446540824951,0.488521923620934,0.024826500406133,0.5,0,0.005952380952381,0.020833333333333,48,7,2,336,7,0.046762613795053,1.87537941097588,1.02028756067845,2,4.88965491410763,0.482066148083093,0.005952380952381
"ecoli4.csv",0,0,0.184000466697214,0.005298356051376,0.024826500406133,0.27418359042625,0.261361969865897,0.1975,50.8659221573284,0.130257,0.965714285714286,0.499566326530612,0.475714285714286,0.167142857142857,0.047619047619048,0,4,0.798571428571429,0.143728696684287,3.57337294857785,0.150446540824951,0.488521923620934,0.024826500406133,0.666666666666667,0,0.011904761904762,0.020833333333333,48,7,2,336,7,0.046762613795053,1.87537941097588,0.791384011363385,3,4.87972294405709,0.238230769592002,0.005952380952381
"Electical_stability.csv",0,0,0.060109391672379,0.019626520738847,2.42437401277698,,,1.86714922169803,-1.11589643182401,1.38417884595218,3.72858528377956,1.77813330144823,1.77830351780925,-0.176584007510233,0.038461538461539,0,1,3.9051692912898,1.08887740047856,0.000460130457731,0,1.77827075347963,2.42437401277698,0.5,0,0,0.0013,769.230769230769,13,0,10000,13,0.003440062530699,4.39231693247481,0.894532917294981,2,0.956736309898205,0.94433082595598,0.0002
"extention of Z-Alizadeh sani dataset.xlsx",0,0,,68.8162911511225,100774.312442192,149.556035147626,143.573536037035,58.8499549016513,15.6025555332692,40.4147935322022,376.677597547996,156.455638822921,147.123715693174,76.4726795294829,0.005444646098004,4,41,300.204918018513,48.3764082019296,2.29693405206207,0.318410074974544,149.20619149722,100774.312442191,0.5,0,0.00990099009901,0.191419141914191,5.22413793103448,58,32,303,58,0.014947124041849,1.25698968126417,0.93368277576028,2,2.86394233579757,0.864983275201834,0.174917491749175
"fertility_Diagnosis.data",0,0,0.12386339038592,0.018987375741543,0.258300755857899,,,0.737777777777778,-0.3122131705804,0.177912,1,0.387037037037037,0.28,-0.248888888888889,0,0,3,1.24888888888889,0.443988247291044,-0.054837781578271,0.297756721736314,0.361256830601093,0.258300755857899,0.5,0,0,0.090909090909091,11,9,3,99,9,0.085335996737992,1.19506828452289,1.52180839665734,2,1.7462509766871,0.532835063034223,0.02020202020202
"glass identification imbalance.csv",0,0.004672897196262,0.227698429382372,0.112863940312818,0.700447077018416,10.8629009278165,10.8389654822943,0.574737222222223,9.53268473702325,0.295904721,14.26377,11.2658516095535,11.2891866666667,9.75235,0.055555555555556,0,8,4.51142,0.689540777640776,1.62949934856035,0.008961343715967,11.259923982906,0.700447077018416,0.666666666666667,0.000467289719626,0.009345794392523,0.042056074766355,23.7777777777778,9,0,214,9,0.086460699836747,2.01685739131923,-1.57562414807492,6,62.572880017922,0.841998285000648,0.009345794392523
"glass-0-1-2-3_vs_4-5-6.csv",0,0.004672897196262,0.214500571145101,0.111957351098135,0.702795788080074,10.8643538472947,10.8403399834903,0.571934920555555,10.5297363895801,0.300908608018666,14.26377,11.2660868940083,11.2899014288889,9.75235,0.055555555555556,0,8,4.51142,0.690266090507951,1.79911239608482,0.009111690904754,11.2598359749744,0.702795788080073,0.5,0.001869158878505,0.018691588785047,0.042056074766355,23.7777777777778,9,0,214,9,0.086505485281542,2.0174119113784,9.38625203845642,2,62.4318048485452,0.792231558456231,0.009345794392523
"glass-0-1-6_vs_2.csv",0,0.005208333333333,0.254068605581089,0.1083516572922,0.583703771439532,10.8502605133286,10.8300756380865,0.448045797777778,6.1299599938133,0.262827750266667,13.6029777777778,11.2665179759606,11.2886577244444,9.75236771777778,0.138888888888889,0,9,3.85061006,0.614951543197897,1.25725762588098,0.009677977883013,11.274973717069,0.583703771439532,0.5,0.002083333333333,0.020833333333333,0.046875,21.3333333333333,9,0,192,9,0.098124264280914,2.0254646832383,0.515389330658342,2,63.9183226026438,0.431583267013274,0.010416666666667
"glass-0-1-6_vs_5.csv",0,0.005434782608696,0.242066352869125,0.115879329426565,0.64713624328179,10.8655305028118,10.8427121262021,0.53742723388889,5.94381039976194,0.292818140537999,13.8050833333333,11.266968820471,11.2908306566667,9.75235,0.083333333333333,0,9,4.05273333333333,0.646003560074641,1.31236038271536,0.009650113225184,11.2665419240079,0.64713624328179,0.5,0.002173913043478,0.021739130434783,0.048913043478261,20.4444444444444,9,0,184,9,0.103295730479637,2.02401790968713,0.304992449907249,2,61.7631606357438,0.281761577885065,0.010869565217391
"glass.data",0,0,0.233008984914196,2.68141829294087,380.481262863231,17.949797370462,14.0623667886403,11.121263,8.43614611649319,8.123350725,34.186393,20.9392906995305,20.960768,8.977115,0.066666666666667,0,8,25.209278,6.78430740409278,1.4633525877008,0.00807323162457,20.9342795581395,380.481262863231,0.666666666666667,0,0,0.046948356807512,21.3,10,0,213,10,0.092377212871022,2.04767560355777,-1.57098851771585,6,57.0205286919077,0.84301058922007,0.018779342723005
"glass0.csv",0,0.004672897196262,0.214500571145101,0.111957351098135,0.702795788080074,10.8643538472947,10.8403399834903,0.571934920555555,10.5297363895801,0.300908608018666,14.26377,11.2660868940083,11.2899014288889,9.75235,0.055555555555556,0,8,4.51142,0.690266090507951,1.79911239608482,0.009111690904754,11.2598359749744,0.702795788080073,0.5,0.002336448598131,0.023364485981309,0.042056074766355,23.7777777777778,9,0,214,9,0.086505485281542,2.0174119113784,-55.5780843524229,2,62.4455905329781,0.911938895775724,0.009345794392523
"glass1.csv",0,0.004672897196262,0.214500571145101,0.111957351098135,0.702795788080074,10.8643538472947,10.8403399834903,0.571934920555555,10.5297363895801,0.300908608018666,14.26377,11.2660868940083,11.2899014288889,9.75235,0.055555555555556,0,8,4.51142,0.690266090507951,1.79911239608482,0.009111690904754,11.2598359749744,0.702795788080073,0.5,0.002336448598131,0.023364485981309,0.042056074766355,23.7777777777778,9,0,214,9,0.086505485281542,2.0174119113784,-20.5376197685975,2,62.4500796879524,0.938575088938064,0.009345794392523
"glass2.csv",0,0.004672897196262,0.227698429382372,0.112863940312818,0.700447077018415,10.8629009278165,10.8389654822943,0.574737222222223,9.53268473702324,0.295904721,14.26377,11.2658516095535,11.2891866666667,9.75235,0.055555555555556,0,8,4.51142,0.689540777640776,1.62949934856035,0.008961343715967,11.259923982906,0.700447077018416,0.5,0.002336448598131,0.023364485981309,0.042056074766355,23.7777777777778,9,0,214,9,0.086460699836747,2.01685739131923,1.28162748300807,2,62.4697825873342,0.40020027269011,0.009345794392523
"glass4.csv",0,0.004672897196262,0.214500571145101,0.111957351098135,0.702795788080074,10.8643538472947,10.8403399834903,0.571934920555555,10.5297363895801,0.300908608018666,14.26377,11.2660868940083,11.2899014288889,9.75235,0.055555555555556,0,8,4.51142,0.690266090507951,1.79911239608482,0.009111690904754,11.2598359749744,0.702795788080073,0.5,0.002336448598131,0.023364485981309,0.042056074766355,23.7777777777778,9,0,214,9,0.086505485281542,2.0174119113784,0.954616301803584,2,62.4013004619493,0.330405742182461,0.023364485981309
"glass5.csv",0,0.004672897196262,0.214500571145101,0.111957351098135,0.702795788080074,10.8643538472947,10.8403399834903,0.571934920555555,10.5297363895801,0.300908608018666,14.26377,11.2660868940083,11.2899014288889,9.75235,0.055555555555556,0,8,4.51142,0.690266090507951,1.79911239608482,0.009111690904754,11.2598359749744,0.702795788080073,0.5,0.002336448598131,0.023364485981309,0.042056074766355,23.7777777777778,9,0,214,9,0.086505485281542,2.0174119113784,0.657370021239307,2,62.3968217729733,0.251641073262842,0.009345794392523
"glass5cn10.csv",0,0.004672897196262,0.214500571145101,0.111957351098135,0.702795788080073,10.8643538472947,10.8403399834903,0.571934920555555,10.52973638958,0.300908608018666,14.26377,11.2660868940083,11.2899014288889,9.75235,0.055555555555556,0,8,4.51142,0.690266090507951,1.7991123960848,0.009111690904754,11.2598359749744,0.702795788080073,0.666666666666667,0.000467289719626,0.009345794392523,0.042056074766355,23.7777777777778,9,0,214,9,0.086505485281542,2.0174119113784,-1.57562414807492,6,62.5083422059495,0.841998285000648,0.009345794392523
"glass6.csv",0,0.004672897196262,0.214500571145101,0.111957351098135,0.702795788080074,10.8643538472947,10.8403399834903,0.571934920555555,10.5297363895801,0.300908608018666,14.26377,11.2660868940083,11.2899014288889,9.75235,0.055555555555556,0,8,4.51142,0.690266090507951,1.79911239608482,0.009111690904754,11.2598359749744,0.702795788080073,0.5,0.000467289719626,0.018691588785047,0.042056074766355,23.7777777777778,9,0,214,9,0.086505485281542,2.0174119113784,2.57706330350966,2,62.4154613831862,0.572368766521627,0.009345794392523
"Haberman imbalance.csv",0,0.055555555555556,0.052156674050867,2.71264688024572,59.6547769563199,38.0316926553966,37.6197388428041,8.83333333333333,3.22610776074451,5.9304,68,39.7788671023965,38.6666666666667,29.3333333333333,0,0,1,38.6666666666667,7.08083683959189,1.05922992285212,0.042203131913792,38.8423913043478,59.6547769563199,0.5,0,0.013071895424837,0.009803921568627,102,3,0,306,3,0.013718040764318,2.40956324632031,-0.616372981823094,2,6.3497702317975,0.833764907210665,0.006535947712418
"haberman.data",0,0.055737704918033,0.054149392396568,2.82085130859937,59.2846706931262,38.0605093253118,37.6552868299135,9,3.2069986094407,5.9304,68,39.8054644808743,38.6666666666667,29.3333333333333,0,0,1,38.6666666666667,7.06582405130036,1.06236619720123,0.042192835679829,38.8597449908925,59.2846706931263,0.5,0,0.013114754098361,0.009836065573771,101.666666666667,3,0,305,3,0.014179584195164,2.40889438312511,-0.523347749135183,2,6.91756461773825,0.835041324992682,0.00655737704918
"Hayes-roth imbalance.csv",0,0.409090909090909,0.035851759382238,0.029030765671987,0.841950034698125,1.76078673201462,1.57838224767359,1.25,-0.692739313249251,1.4826,3.75,1.96590909090909,2,1,0,0,3,2.75,0.915892852074738,0.547321525751685,0.265267175572519,1.83125,0.841950034698126,0.333333333333333,0,0,0.03030303030303,33,4,0,132,4,0.050746986325329,1.73724228922257,6.55726495690876,3,2.21169337169154,0.975388342822937,0.015151515151515
"hayes-roth.data",0,0,0.053600668413809,1.12216676453318,294.518661186142,11.3268845207087,6.06915643278418,14.2,-0.810160966540813,10.97124,29.4,14.836641221374,14.8,1,0,0,3,28.4,8.4001029539503,0.436351174496234,0.212179487179487,14.7037974683544,294.518661186142,0.333333333333333,0,0,0.038167938931298,26.2,5,0,131,5,0.04268802625556,1.85586243450278,6.63366373876951,3,2.13394322081318,0.976184115472409,0.015267175572519
"hcc-data.data",0.100243902439024,0,0.101260098934428,3716780.49053403,669157357.659362,1.28555505501209,1.24072279270898,3508.41228061224,14.3327711082903,2776.955337,46733.5595918367,2713.35537319562,1892.23969387755,0.408163265306122,0.006802721088435,0,37,46733.1514285714,5249.82163132756,2.03685203027547,0.255112828023332,1900.81130632653,669157357.659362,0,0,0.024390243902439,0.298780487804878,3.3469387755102,49,23,164,49,0.062503573261634,1.36011740780764,1.27135867470653,2,1.24499392106963,0.960917889139876,0.01219512195122
"HCV-Egy-Data.csv",0,0,0.024453578142829,325995823.337759,21467811679.8815,194826.131754459,163227.751412597,124893,-0.887958935710926,89654.14575,464686.107142857,237442.034115523,233048.642857143,139740.785714286,0,0,2,324945.321428571,68639.1110049889,0.072914367768098,0.158930048120477,233211.604908028,21467811679.8815,0,0,0.00072202166065,0.020216606498195,49.4642857142857,28,8,1385,28,0.01760250058413,2.67112062260588,-1.7077421054212,4,3.5032629066909,0.999524423791691,1.22310469314079
"hcvdat0.csv",0.003600464576074,0,0.151428165145242,140.074095153713,3087.42254774515,32.5518055900582,20.6466717567997,34.3523076923077,43.098907252627,24.9612816923077,303.167692307692,57.2824677923702,54.2653846153846,3.48615384615385,0.025641025641026,0,11,299.681538461538,31.8964589106059,2.91640606269473,0.041774544519496,54.5963831561393,3087.42254774515,0.8,0.000348432055749,0.008130081300813,0.021138211382114,47.3076923076923,13,1,615,13,0.03695842875468,2.84236664330017,1.14395186036506,5,2.99626975622409,0.350554361449458,0.003252032520325
"heart_failure_clinical_records_dataset.csv",0,0,0.073936014185955,39329.6107364582,797218044.603491,20493.9257309031,18510.5379461662,7636.75,4.14903524706585,5470.07741,71540.2833333333,22025.7697474916,21883.5083333333,2107.875,0,0,5,69432.4083333333,8240.31080932862,0.975310381694006,0.219003256544319,21324.6753977901,797218044.603491,0.5,0,0.030100334448161,0.040133779264214,24.9166666666667,12,5,299,12,0.018490486018966,1.86723202952392,0.882179530369041,2,3.91378505447998,0.905541502767263,0.006688963210702
"highereducation.csv",0,0,0.106596975852102,0.436682057996539,56.0684087643678,1.8096098925798,1.64959680361332,3.21875,0.090788702215319,2.2239,8.125,4.24137931034483,4.1875,0.96875,0.002016129032258,0,15,7.15625,2.116806682907,0.531497817942309,0.295181086033951,4.15050287356322,56.0684087643678,0.625,0,0,0.220689655172414,4.53125,32,6,145,32,0.022855681117986,1.24997840289603,-618.736390723765,8,2.70488173865302,0.95398945442807,0.013793103448276
"horse.csv",0.191352126134735,0,0.107376038709282,3682671.49184269,86931498582.8523,25731.1146885846,21974.2116386024,262.318518518519,14.6030809470501,181.415328888889,198393.125925926,40433.5147776539,19734.3037037037,19202.8148148148,0.005698005698006,0,13,179190.311111111,56976.0125292516,1.34595863392618,0.188755483908621,19786.3539799468,86931498582.8524,0.5,0,0.020066889632107,0.090301003344482,11.0740740740741,27,4,299,27,0.041301790830839,1.67843557755843,-3.39432588909909,2,1.32567375754509,0.916050024222097,0.046822742474916
"HTRU_2.csv",0,0,0.432232238019883,170.511271700438,1669.68556470648,,,20.3960309339063,10.1677525514773,14.4887967423134,240.8927842795,38.9974769181456,34.401097551125,3.673005281375,0.392857142857143,0,8,237.219778998125,24.9615223260407,2.04024887816146,1.44E-05,34.7606163025099,1669.68556470648,0.5,0.001545796550825,0.017543859649123,0.000446977315901,2237.25,8,0,17898,8,0.082788274628588,4.70043717637352,0.283452794186513,2,1.86597743550907,0.441703497737403,0.000111744328975
"Immunotherapy.xlsx",0,0,0.092440670851455,24.3607648177873,2733.99828896914,15.4579167936702,11.598372521095,12.0625,1.49792463193189,8.2602,151.714285714286,22.5297619047619,15.0357142857143,3.85714285714286,0,0,3,147.857142857143,24.9576298537196,0.936016014416882,0.140156192122484,15.6706349206349,2733.99828896915,0.5,0.002777777777778,0.022222222222222,0.077777777777778,12.8571428571429,7,1,90,7,0.03165737409997,1.76160900290149,1.80354706450717,2,1.87853354995112,0.743601226993446,0.022222222222222
"Indian Liver Patient Dataset (ILPD).csv",0.000624804748516,0.02233676975945,0.177737613184017,1365.53295365491,17641.5822490869,39.0925441872052,33.2665553429033,25.315,26.5799038998291,14.8297065,924.26,54.2473453608247,34.2925,9.11,0.088888888888889,0,8,915.15,74.2854219152306,2.80564581767585,0.059163090361861,36.8639171428571,17641.5822490869,0.5,0.002343017806935,0.025773195876289,0.017182130584193,58.2,10,1,582,10,0.045555233354384,2.67615207010232,-1.39458566077816,2,2.1138165172967,0.864737644917913,0.017182130584193
"insurancedata2000.data",0,0.103418656588215,0.069473733084951,0.20494810278007,3.62548287782464,0.395077582420694,0.276013882818324,1.54117647058824,169.794926064448,0.941887058823529,7.01176470588235,1.75079883181584,1.78823529411765,0.070588235294118,0.021008403361345,0,71,6.94117647058824,1.15370468239833,6.80465449316825,0.18161010761693,1.68916993651168,3.62548287782464,0.5,0,0.003951211132108,0.014602302009964,68.4823529411765,85,5,5821,85,0.008286126239932,1.33582258616879,-8.37797175090762,2,0.957337716801049,0.326585063219581,0.000343583576705
"ionosphere-5cn01-n.csv",0,0.002849002849003,0.230560458202822,0.067873934313341,0.280787402172642,,,0.620060606060606,0.319986840445404,0.400436781818182,1,0.255200725200725,0.330727272727273,-0.96969696969697,0.098484848484849,0,20,1.96969696969697,0.525886826539183,-0.579508824086589,0.016644244266452,0.309737038632773,0.280787402172642,0.5,0,0,0.094017094017094,10.6363636363636,33,1,351,33,0.117351552909491,2.58007274291151,0.774699235929314,2,0.529501872284554,0.941828535447515,0.005698005698006
"ionosphere.data",0,0.002857142857143,,0.063989533947132,0.273010909244581,,,0.601083823529412,0.217460679935486,0.389360848058823,0.970588235294117,0.247923336134454,0.320806323529412,-0.941176470588235,0.090909090909091,1,20,1.91176470588235,0.510861770613659,-0.563252891508923,0.045118731325566,0.301065847338936,0.273010909244581,0.5,0,0,0.097142857142857,10.2941176470588,34,1,350,34,0.103456761267966,2.50383532411973,0.793703746904377,2,0.514272317334342,0.942683189255492,0.005714285714286
"iris.data",0,0.02013422818792,0.586717186691465,0.590765312292158,1.13760679303465,3.22880188367872,2.98214731388236,1.7,-0.782555060419883,1.03782,5.425,3.46979865771812,3.625,1.85,0.5,1,1,3.575,0.945759034536917,0.060250637645652,0.028671025808286,3.47692307692308,1.13760679303465,0,0,0,0.026845637583893,37.25,4,0,149,4,0.206864933038122,2.27737742939219,3.81808559627441,3,3.82395321412784,0.999958907427823,0.013422818791946
"iris0.csv",0,0.02,0.589815720615102,0.594322669649515,1.14232281879195,3.22172155875325,2.97629002613623,1.7,-0.795373997295972,1.074885,5.425,3.46366666666667,3.6125,1.85,0.5,1,1,3.575,0.947310400248285,0.066034175978036,0.02871477739489,3.46972222222222,1.14232281879195,0.5,0.001333333333333,0.006666666666667,0.026666666666667,37.5,4,0,150,4,0.209222433924478,2.27901044838077,0.848934360210967,2,3.71354216543035,0.91829583405449,0.013333333333333
"Iris5cn01nc.csv",0,0.02,0.589815720615102,0.594322669649516,1.14232281879195,3.22172155875325,2.97629002613623,1.7,-0.795373997295973,1.074885,5.425,3.46366666666667,3.6125,1.85,0.5,1,1,3.575,0.947310400248285,0.066034175978036,0.02871477739489,3.46972222222222,1.14232281879195,0,0,0,0.026666666666667,37.5,4,0,150,4,0.209222433924478,2.27901044838077,3.81884167930642,3,3.81706978347135,1,0.013333333333333
"letter-recognition.data",0,0.066603330166508,0.182901608582802,0.94938842807977,5.34394586859806,0,0,2.625,0.696929501585842,2.038575,15,5.92549314965748,5.75,0,0.125,0,15,15,2.27375662480619,0.290250440381939,0.062453120312031,5.84196629447546,5.34394586859806,0,0.000188244706353,0.006350317515876,0.000800040002,1249.9375,16,0,19999,16,0.031225451873377,2.97442932439218,-2.37585229017585,26,2.6759027189754,0.999866693572548,0.00010000500025
"Lymphography Multi-class Imbalanced data set.csv",0,0,0.162656964667133,0.070944293633369,0.682692896978611,0.300652414948248,0.270315683543334,0.888888888888889,2.3641489092812,0.411833333333333,2.44444444444444,0.986486486486486,1,0.166666666666667,0.013071895424837,0,9,2.27777777777778,0.687176965320379,0.834111877138049,0.370748299319728,0.940740740740741,0.682692896978611,0.5,0,0.013513513513514,0.121621621621622,8.22222222222222,18,9,148,18,0.044072867200685,1.04983311627397,4.87376594216359,4,1.46381517112071,0.61383875097329,0.013513513513514
"lymphography.data",0,0,0.177294438155929,0.084153296021605,0.75566116857702,1.94261407984762,1.81380546974743,0.944444444444444,2.25619356798678,0.4942,3.27777777777778,2.07445200302343,2.11111111111111,1,0.013071895424837,0,7,2.27777777777778,0.701899189078387,0.734469040521433,0.370719178082192,2.03870162297129,0.75566116857702,0.5,0,0.006802721088435,0.122448979591837,8.16666666666667,18,9,147,18,0.038760547310361,1.03764111100364,4.63022919698674,4,3.42599122535889,0.613641322179523,0.013605442176871
"mammographic_masses.data",0.028125,0.282291666666667,0.225808334174899,2.08135612182829,46.6034491223497,0,0,5.6,132.625414951862,3.85476,32.8,13.4985416666667,14,0,0.1,0,3,32.8,4.12099302713256,4.05866063782799,0.143715501588286,13.721875,46.6034491223497,0,0,0.014583333333333,0.005208333333333,192,5,0,960,5,0.092055762182793,1.7399345445373,-1.61482880235174,2,2.2910590652676,0.995938607631596,0.002083333333333
"monks-1.csv",0,0.22202166064982,0.028365126741311,1.62947070707824,2279.37357766302,1.50525713826939,1.36219539692751,33.2142857142857,-1.59091982313522,24.4629,63.8571428571428,32.2124806601341,31.8571428571429,0.857142857142857,0,0,0,63,18.6960100910136,-0.009446996499157,0.320533552784972,32.1402908468777,2279.37357766303,0,0,0,0.012635379061372,79.1428571428571,7,2,554,7,0.043559532462853,1.67902954220261,-2.61513755844126,2,2.29181331357551,0.999990598742492,0.003610108303249
"monks-2.csv",0,0.280467445742905,0.02989655800572,1.71396293817721,2235.64639505084,1.50155721948918,1.35933154488144,31.6428571428571,-1.57578345674669,23.298,63.8571428571428,32.4118769377534,32.7142857142857,0.857142857142857,0,0,0,63,18.5200541897407,-0.0066468018844,0.320625845958742,32.3802928373566,2235.64639505084,0.5,0,0,0.011686143572621,85.5714285714286,7,2,599,7,0.040347697854622,1.67904504857299,-1.89118807103824,2,2.26102787229825,0.928508000823218,0.003338898163606
"monks-3.csv",0,0.208333333333333,0.027221679889063,1.70158874196987,2273.01724842466,1.49821102597266,1.35581284262038,33.0714285714286,-1.58967959209269,24.2511,63.8571428571428,32.8413561076605,32.6428571428571,0.857142857142857,0,0,0,63,18.671033039185,-0.001360019992279,0.320529100974694,32.9978485370052,2273.01724842466,0,0,0,0.01268115942029,78.8571428571429,7,2,552,7,0.036511534193927,1.6791215331456,-2.74561159080012,2,2.29309764867603,0.999052844165966,0.003623188405797
"myocardical.data",0.075779870512066,0,0.031360512488895,3.23236911777561,2074.62536729969,5.11776916864276,1.96881673814212,9.85609756097561,154.991128425705,5.82143492682927,26.1451219512195,10.8363537135666,10.5372357723577,0.016260162601626,0.002665600426496,0,103,26.1288617886179,6.64497143792273,8.00239074285986,0.403665597530203,10.8819403103923,2074.62536729969,0.875,0,0.004708652148323,0.072395526780459,13.8130081300813,123,89,1699,123,0.002645129127345,0.673189162295278,1.0163078823481,8,0.473178371104733,0.339483029683567,0.169511477339612
"new-thyroid1.csv",0,0,0.413589678218524,15.7079826994132,59.8893009345794,,,4.76,13.9520401205458,3.469284,58.4,25.7058604651163,24.84,13.02,0.2,0,5,45.38,6.6901690043539,2.62306021630443,0.011904148452345,24.9344186046512,59.8893009345794,0.5,0,0.032558139534884,0.023255813953488,43,5,0,215,5,0.094795316813233,2.31366521993566,0.471609905651539,2,2.22179267185603,0.640944184787529,0.009302325581395
"newthyroid.csv",0,0,0.413589678218525,15.7079826994132,59.8893009345794,,,4.76,13.9520401205458,3.469284,58.4,25.7058604651163,24.84,13.02,0.2,0,5,45.38,6.6901690043539,2.62306021630443,0.011904148452345,24.9344186046512,59.8893009345794,0.666666666666667,0.002325581395349,0.013953488372093,0.023255813953488,43,5,0,215,5,0.094795316813233,2.31366521993566,1.4544364640243,3,2.47974140108347,0.747745768352558,0.009302325581395
"newthyroid2.csv",0,0,0.413589678218525,15.7079826994132,59.8893009345794,,,4.76,13.9520401205458,3.469284,58.4,25.7058604651163,24.84,13.02,0.2,0,5,45.38,6.6901690043539,2.62306021630443,0.011904148452345,24.9344186046512,59.8893009345794,0.5,0,0.032558139534884,0.023255813953488,43,5,0,215,5,0.094795316813233,2.31366521993566,0.471609905651539,2,2.22179267185603,0.640944184787529,0.009302325581395
"nursery.data",0,0,0.000103624569949,8.61E-05,0.927132362706698,0,0,1.75,-1.50268480459872,1.297275,2.375,1.18752411451501,1.375,0,0,0,0,2.375,0.927056155509472,-3.33E-05,0.316613932191182,1.18754018258969,0.927132362706698,0.4,0,0,0.000617331584227,1619.875,8,1,12959,8,-3.64E-08,1.70772225201953,-10.9463912300423,5,1.2281032323328,0.738876082555199,0.000154332896057
"ObesityDataSet_raw_and_data_sinthetic.csv",0,0.011369019422075,0.10550018371406,0.608832860701825,45.703759059758,7.16308559193008,6.84273634303438,3.4327908125,4.15548007197387,2.5162141417875,16.62375,8.13425728908101,7.9055775625,3.590625,0.016666666666667,0,11,13.033125,2.48864613760546,0.33094245492772,0.200079096329142,8.04640665114443,45.703759059758,0,0.000278652436816,0.011842728564661,0.007579346281383,131.9375,16,5,2111,16,0.030732680250384,1.84055218887943,-11.310227521726,7,3.35033025518811,0.998295386610206,0.000947418285173
"page-blocks-1-3_vs_4.csv",0,0.036016949152542,0.342570915615302,2930194.68148505,27882796.4337235,55.3123448227554,15.5113713758137,224.2743,58.7130451437209,47.83223424,23271.3,697.411068432203,37.87925,2.5161,0.266666666666667,0,8,23268.7839,2523.98714140872,4.93785231822735,0.003060837051062,76.260560915493,27882796.4337235,0.5,0,0.033898305084746,0.021186440677966,47.2,10,0,472,10,0.146744757773018,2.63848112998796,0.193850058711903,2,0.707439674793413,0.324747747503663,0.052966101694915
"pageblocks_imbalanced.csv",0,0.001824817518248,0.346109236542127,820915.40519118,7524909.28475378,80.9515855646334,31.132827373306,191.18545,86.9793509048861,82.74012537,21952.6,313.090422627737,73.8828,2.6283,0.288888888888889,0,10,21949.9717,1293.31422556335,7.08464340824748,0.003797192311211,97.9788781818182,7524909.28475377,0.8,0.002322495023225,0.027372262773723,0.018248175182482,54.8,10,0,548,10,0.146874755723765,2.94837029849228,-0.647300515240887,5,1.06538909025709,0.273310645648234,0.009124087591241
"pageblocks5cn01-nc.csv",0,0.012061403508772,0.28915342467198,342415.007621836,2872230.81344716,81.5342505194476,29.9316560743161,194.626625,652.389857083022,89.17342329,23320.6,253.394703472222,78.6377,1.9121,0.288888888888889,0,10,23318.6879,840.370075793188,14.7254883550778,0.001862986606925,101.406805785627,2872230.81344716,0.8,0.002840909090909,0.03125,0.001827485380117,547.2,10,0,5472,10,0.088670337151947,3.99185335985919,-0.62924274428714,5,1.07054303928508,0.273259338498887,0.049707602339181
"parkinsons.data",0,0,0.465508059695174,16.0791889296875,660.171614066438,,,13.7345459782609,4.98078004372779,9.7500988305913,57.5823983913043,25.4502457025641,23.7672595217391,11.2550680434783,0.466403162055336,1,19,46.3273303478261,10.4092892155402,1.56091014675896,0.002347317307935,23.9387023073207,660.171614066438,0.5,0,0.01025641025641,0.117948717948718,8.47826086956522,23,0,195,23,0.151793461919384,2.32005808201855,0.673815263098231,2,2.35634286536767,0.805125007464682,0.01025641025641
"Phishing Websites Data Set.csv",0,0.470918136589778,0.118108228810855,0.062473704707917,0.577920636904081,,,0.666666666666667,1.28996811268582,0.14826,1,0.304097693351425,0.5,-0.966666666666667,0.059770114942529,0,18,1.96666666666667,0.745002203363145,-0.817088529856718,0.455506302394307,0.408673802703653,0.57792063690408,0,5.84E-06,0.003346901854365,0.002713704206242,368.5,30,22,11055,30,0.074804941876511,0.826458279218254,1.09103474676305,2,0.464175412816455,0.99062392274143,0.000180913613749
"PhishingData.csv",0,0.464892830746489,0.15410742394197,0.102415681566713,0.642154333054897,,,1.44444444444444,-0.838352582871091,0.823666666666667,1,0.037694013303769,0.333333333333333,-0.888888888888889,0.027777777777778,0,1,1.88888888888889,0.779722724156783,0.194016708437388,0.369904667981591,0.053573869072024,0.642154333054896,0.333333333333333,0,0.000739098300074,0.006651884700665,150.333333333333,9,2,1353,9,0.03770753164519,1.30730804756621,2.91692244847245,3,0.036665232118111,0.821543406791411,0.001478196600148
"Pima-5cn01-nc.csv",0,0,0.171656788970927,109.350234885096,1893.05947169609,3.98070018792246,3.78616979729835,31.2728125,2.73456122502302,15.6168744375,179.19,44.9857911783854,38.3590625,2.63475,0.035714285714286,0,8,176.55525,25.7337429754516,0.527180555836371,0.015922964296628,40.2092077922078,1893.05947169609,0.5,0,0.005208333333333,0.010416666666667,96,8,0,768,8,0.028840438796476,2.95810575785484,-1.34408266560867,2,2.1694793357855,0.933134316640783,0.002604166666667
"pima.csv",0,0,0.171656788970927,109.350234885096,1893.05947169609,3.98070018792246,3.78616979729835,31.2728125,2.73456122502302,15.6168744375,179.19,44.9857911783854,38.3590625,2.63475,0.035714285714286,0,8,176.55525,25.7337429754516,0.527180555836371,0.015922964296628,40.2092077922078,1893.05947169609,0.5,0,0.005208333333333,0.010416666666667,96,8,0,768,8,0.028840438796476,2.95810575785484,-1.34408266560867,2,2.1694793357855,0.933134316640783,0.002604166666667
"pimaimbalanced.csv",0,0,0.171656788970927,109.350234885096,1893.05947169609,3.98070018792246,3.78616979729835,31.2728125,2.73456122502302,15.6168744375,179.19,44.9857911783854,38.3590625,2.63475,0.035714285714286,0,8,176.55525,25.7337429754516,0.527180555836371,0.015922964296628,40.2092077922078,1893.05947169609,0.5,0,0.005208333333333,0.010416666666667,96,8,0,768,8,0.028840438796476,2.95810575785484,-1.34408266560867,2,2.1694793357855,0.933134316640783,0.002604166666667
"post-operative.csv",0.003703703703704,0.111111111111111,0.095171100392316,0.064887640449438,1.51869538077403,0,0,0.84375,0.506533392593701,0.0926625,3.375,2.22777777777778,2.4375,0,0,0,2,3.375,0.931155160355535,-0.170273533477466,0.351123595505618,2.24537037037037,1.51869538077403,0.666666666666667,0,0.011111111111111,0.088888888888889,11.25,8,2,90,8,0.008616731994107,0.846189999423863,5.74543058802822,3,1.8556541215055,0.618505195003523,0.022222222222222
"primary-tumor.data",0.036817882971729,0.088757396449704,0.103927662236347,0.097805879151127,3.19544030630003,1.46484983594958,1.27550585756039,1.29411764705882,4.17067279559984,0.610482352941177,3.35294117647059,2.17803689523146,2.23529411764706,0.705882352941176,0,0,8,2.64705882352941,0.856984896552569,-1.62725968241649,0.40299561961283,2.20790080738178,3.19544030630003,0.5,0.000328731097962,0.005917159763314,0.050295857988166,19.8823529411765,17,10,338,17,0.13352952091147,0.747532535578697,0.914923834588515,2,4.66366586528731,0.925045017522329,0.005917159763314
"QSAR biodeg.csv",0,0.002846299810247,0.165316789243821,0.471327694864883,7.94106342460615,,,1.46969878048781,44.3694268978073,0.64656005195122,16.5629634146341,2.68430438746702,2.2050256097561,0.368387804878049,0.059756097560976,0,41,16.1945756097561,1.59478895316165,3.78625366242014,0.103632696234154,2.36073222282065,7.94106342460616,0.5,0,0.006641366223909,0.038899430740038,25.7073170731707,41,3,1054,41,0.065556995274125,1.92152575004505,2.15824677576601,2,3.43298791760015,0.921735428462067,0.001897533206831
"Raisin_Dataset.csv",0,0,0.563946127099444,77004735.373625,454770088.671523,23651.2794336959,21771.3952970362,13299.2022130558,1.73875029933288,9436.99431707582,73921.873971155,25834.7176495445,23189.9525104003,7502.16328550814,0.523809523809524,0,7,66419.7106856469,11458.761949488,0.391048549250342,7.09E-07,23573.3090674215,454770088.671523,0,0,0.002222222222222,0.007777777777778,128.571428571429,7,0,900,7,0.187278356406852,3.16992500144231,1,2,5.03863801303501,1,0.058888888888889
"seeds_dataset.data",0,0,0.610942484059623,0.533344625249424,1.86349857225486,6.81375911543771,6.70615174049995,1.70975,-0.819829073902593,1.13890155,9.27447142857143,6.91694552669553,6.75527857142857,5.2316,0.619047619047619,1,2,4.04287142857143,1.00757330866253,0.227192186097406,0.000755753668548,6.83365535714286,1.86349857225486,0,0,0.005050505050505,0.035353535353535,28.2857142857143,7,0,198,7,0.240798649417829,2.32165935217817,3.81501829753097,3,11.3681356917246,0.99979206956122,0.01010101010101
"seismic-bumps.csv",0,0.002321981424149,,7579314.88455333,2962563774.41752,,,2577.70833333333,35.3196225861279,1395.99145,189126.944444444,5558.62955796354,1436.27777777778,-5,0.045751633986928,3,12,189131.944444444,14984.4459259847,3.6293070586084,0.324437086354386,1663.29821735395,2962563774.41752,0.5,0.001772038455271,0.034829721362229,0.006965944272446,143.555555555556,18,3,2584,18,0.129169388983246,1.49269006534076,0.442866465480102,2,0.390256634570009,0.350010592926885,0.00077399380805
"SomervilleHappinessSurvey2015.csv",0,0.125874125874126,0.216179927071835,0.193328736990709,0.944220099149676,3.43841926765613,3.21979145273842,1,0.158814547943249,1.2355,5,3.60839160839161,3.83333333333333,1,0,0,6,4,0.963212676734095,-0.490553902425024,0.202758215962441,3.68582375478927,0.944220099149676,0,0.000999000999001,0.013986013986014,0.041958041958042,23.8333333333333,6,0,143,6,0.069601400363236,1.38125547359818,-0.803432773037026,2,3.4920493896445,0.995727452084926,0.013986013986014
"sonar5cn19.csv",0,0,0.229395258937502,0.005587179949814,0.02913264640236,0.22354654590781,0.172764862120334,0.202916666666667,2.1456847853861,0.14166243,0.655833333333333,0.281323878205128,0.266616666666667,0.018933333333333,0.075141242937853,0,39,0.6369,0.142235841931047,0.95380881484697,0.00648449181202,0.271994973544974,0.02913264640236,0,0,0,0.288461538461538,3.46666666666667,60,0,208,60,0.038251016715784,2.3181664206096,0.993480499487727,2,1.75183537437504,0.996729589020837,0.144230769230769
"soybean-small.data",0,0,,0.059761295822677,0.429634230503796,0.323756906845062,0.321722113502935,0.571428571428571,-1.70025068339699,0.29652,1.45714285714286,0.844099378881987,0.871428571428571,0.314285714285714,0.077310924369748,14,7,1.14285714285714,0.443783782718342,0.206233277485968,0.639092970521542,0.820408163265306,0.429634230503796,0.75,0,0,0.760869565217391,1.31428571428571,35,13,46,35,0.325669826277197,0.554774674413224,3.55954891700905,4,0.740945859226969,0.974229290941726,0.043478260869565
"spambase.data",0,0.085,0.060855660485637,40.033786818531,7136.3303081371,1.9554354043392,0.652828325295868,4.83866666666667,240.753420542086,2.35598145263158,483.942070175439,6.15077141113654,1.99948245614035,0.052631578947369,0.019423558897243,0,57,483.889438596491,15.1956399654649,11.1783556448903,0.0060837728083,2.53445921052632,7136.33030813709,0,0.000592203898051,0.035434782608696,0.012391304347826,80.7017543859649,57,0,4600,57,0.049352900328537,1.13003883702567,-3.23078063319329,2,0.276206814943945,0.967278400343707,0.005217391304348
"SPECT.csv",0,0.147169811320755,0.203165973406914,0.041158893517384,0.202605384895265,0,0,0.636363636363636,-0.833772792566979,0,1,0.328473413379074,0.045454545454546,0,0.056277056277056,0,8,1,0.447901419322073,0.804437397994821,0.498106060606061,0.225557461406518,0.202605384895265,0,0,0,0.083018867924528,12.0454545454545,22,22,265,22,0.062782489934493,0.852322305940879,0.890131080414315,2,0.731603281556039,0.979098167166715,0.007547169811321
"SPECTF.csv",0,0,0.290439865238565,29.5841856778322,99.5841415874006,63.4241779339906,61.4665809355596,9.5,5.02424273685071,6.77278636363636,81.1363636363636,64.5656946826758,66.6363636363636,18.9545454545455,0.137420718816068,0,44,62.1818181818182,9.69714127392534,-1.74351586481291,0.020343937395395,66.3071755288736,99.5841415874006,0.5,0.000335429769392,0.015094339622642,0.166037735849057,6.02272727272727,44,0,265,44,0.041632443489259,2.56379165015894,0.583240462429964,2,7.01081403224225,0.736768010002478,0.007547169811321
"starlog shuttle imbalanced.csv",0,0,0.209008307659922,174.52739806091,2955.56853707052,,,12.1111111111111,568.089047393787,6.9188,1257,30.6469987228608,28.3333333333333,-339.888888888889,0.138888888888889,0,9,1596.88888888889,37.9773217325365,11.9207571653868,0.019052590894581,28.6673478075777,2955.56853707052,0.8,0.000137931034483,0.00367816091954,0.004137931034483,241.666666666667,9,0,2175,9,0.06844866956168,2.8762693803781,-0.273421091219419,5,2.1458263053328,0.413162637991065,0.000919540229885
"starlog vehicle sikhouettes.dat",0,0,0.407134356561187,278.790746517439,2027.70219735707,113.838088603984,111.35955699439,34.6111111111111,5.09716059950158,21.2506,198.888888888889,117.63714661407,111.611111111111,78.3888888888889,0.392156862745098,0,8,120.5,22.7823498980519,1.03837148746895,0.024528408032728,114.90214770984,2027.70219735706,0,0,0.009467455621302,0.021301775147929,46.9444444444444,18,0,845,18,0.074162789327847,3.09291703062017,-0.534297489202904,4,7.9776285296881,0.999479181333304,0.002366863905325
"starlog_australian.dat",0,0,0.118069114892628,755.511408731935,1943889.98276209,4.49619504541609,2.96470904400352,44.5442857142857,21.0329907826514,12.4924935,7302.69642857143,90.0751197387518,15.4585714285714,1.33928571428571,0.010989010989011,0,9,7301.35714285714,387.110760214015,1.66930230447279,0.208258837241238,22.0510318416523,1943889.98276208,0,0.000290275761974,0.017416545718433,0.020319303338171,49.2142857142857,14,4,689,14,0.038222742788036,1.77410138546112,-10.1941716098499,2,1.7431852422068,0.991435746233607,0.002902757619739
"statlog_heart.csv",0,0,0.157525639638744,6.94521785869369,278.380145574514,44.9986617777846,44.2580755528953,11.2,0.068030564935994,7.73232923076923,82.4,46.0360398860399,45.7923076923077,25,0.012820512820513,0,7,57.4,8.43921680434283,0.422230770051345,0.234809300436888,45.7863722697056,278.380145574514,0,0.00026455026455,0.014814814814815,0.048148148148148,20.7692307692308,13,3,270,13,0.037497642769683,1.64671945702834,-10.7350992272543,2,2.93961169173357,0.991076059838222,0.007407407407407
"student-mat.csv",0,0,0.087442531998298,0.199606153345507,4.04791251686693,1.45028723046696,1.37551616870248,1.5625,1.28300613916672,1.0192875,7.15625,2.96131329113924,2.875,0.8125,0.01008064516129,0,19,6.34375,1.27457793728678,0.022329290902378,0.300132800317674,2.90005274261603,4.04791251686693,0.5,0,0.007594936708861,0.081012658227848,12.34375,32,12,395,32,0.014289594985051,1.43206177075951,-0.76374187826823,2,2.27567302935914,0.519086321733348,0.005063291139241
"student-por.csv",0,0,0.087632207049275,0.158435793717197,2.113976987388,1.12309002402366,1.05949931116718,1.40625,1.06997467864019,0.88029375,5.78125,2.93489984591679,2.78125,0.71875,0.01008064516129,0,19,5.0625,1.08430236870167,0.192837210279697,0.301428213791304,2.87827685421995,2.113976987388,0.5,0.000186767521128,0.012326656394453,0.049306625577812,20.28125,32,12,649,32,0.09034982028569,1.42838279664218,-2.1166529956905,2,2.25953389090457,0.932475584215516,0.003081664098613
"tae.data",0,0.266666666666667,0.164555781519617,2.09838478747203,52.5830067114094,8.97472414522724,7.16614497966845,8.4,0.059317000600024,5.48562,24.2,10.6626666666667,9.7,1.4,0,0,3,22.8,5.50051335972327,-0.449545879339745,0.214805503804628,10.1644444444444,52.5830067114094,0,0,0.006666666666667,0.033333333333333,30,5,2,150,5,0.225577632469056,1.37590621541426,2.32914082804456,3,2.94853764570404,0.999878626677473,0.013333333333333
"ThoraricSurgery.csv",0,0,0.073984567260051,0.200917865977861,13.572429705859,4.23269258230043,4.1622765553315,1.08296875,36.3769660471027,0.659757,12.5375,4.75274734042553,4.5975,1.4625,0.008333333333333,0,14,11.075,1.61696156939654,3.62306496703654,0.358837595055101,4.58718085106383,13.572429705859,0.5,0,0.014893617021277,0.034042553191489,29.375,16,10,470,16,0.015499005462935,0.978992706020934,0.557156538345505,2,1.34388558077864,0.607171654871303,0.004255319148936
"Thyroid Disease (New Thyroid) Multi-class Imbalanced data set
.csv",0,0,0.413589678218525,15.7079826994132,59.8893009345794,,,4.76,13.9520401205458,3.469284,58.4,25.7058604651163,24.84,13.02,0.2,0,5,45.38,6.6901690043539,2.62306021630443,0.011904148452345,24.9344186046512,59.8893009345794,0.666666666666667,0.002325581395349,0.013953488372093,0.023255813953488,43,5,0,215,5,0.094795316813233,2.31366521993566,1.4544364640243,3,2.48584360644474,0.747745768352558,0.009302325581395
"thyroid multiclass imbalance.csv",0,0.001388888888889,,0.000887382361933,0.031563356791467,0.038363898677131,0.034411255985256,0.067079166666667,58.0682852507339,0.01452948,0.802709523809524,0.076126188492064,0.04142380952381,0.002552380952381,0.004761904761905,1,18,0.800157142857143,0.138900308520804,5.67346004853578,0.382980612481551,0.047847490079365,0.031563356791467,0.666666666666667,0,0,0.029166666666667,34.2857142857143,21,14,720,21,0.05060885548328,1.01703420459449,-6.49688449549567,3,1.23971526985341,0.284997624295701,0.002777777777778
"thyroid.csv",0,0.009861111111111,0.049002983709044,0.000794387977055,0.032753753282934,0.038152601815649,0.032863021292251,0.066285238095238,388.707179320468,0.01388702,0.86452380952381,0.078029373544974,0.042228571428572,0.0015,0.004761904761905,0,19,0.86302380952381,0.141569107162495,9.24383863070807,0.358819034975659,0.049453830136684,0.032753753282934,0.666666666666667,0,0.001666666666667,0.002916666666667,342.857142857143,21,15,7200,21,0.002477929724148,1.34813844144566,-0.251305708833399,3,1.26519837303525,0.282404883939319,0.000277777777778
"thyroid5cn21.csv",0,0.009861111111111,0.049002983709044,0.000794387977055,0.032753753282934,0.038152601815649,0.032863021292251,0.066285238095238,388.707179320468,0.01388702,0.86452380952381,0.078029373544974,0.042228571428572,0.0015,0.004761904761905,0,19,0.86302380952381,0.141569107162495,9.24383863070807,0.358819034975659,0.049453830136684,0.032753753282934,0.666666666666667,0,0.001666666666667,0.002916666666667,342.857142857143,21,15,7200,21,0.004434607589946,1.34813844144566,-0.251305708833399,3,1.26519837303525,0.282404883939319,0.000277777777778
"tic-tac-toe.data",0,0,0.073274013423829,0.044909216971329,0.6122687462321,0,0,1.44444444444444,-1.28139903367084,1.4826,2,1.19238360617671,1,0,0,0,0,2,0.782263070735713,-0.351266141509764,0.332635983263598,1.31420289855072,0.612268746232099,0.5,0,0,0.009404388714734,106.333333333333,9,0,957,9,0.014670121951694,1.53820757698769,14.6065892675443,2,1.51214474309836,0.931284907144767,0.00208986415883
"titanic.csv",0,0.989095865515675,0.185446648025362,0.185662887347803,1.00091980495761,,,0.629333333333333,4.80617483979668,0.46632712,1.95533333333333,-0.000269059518401,0.1048,-1.33933333333333,0,0,2,3.29466666666667,1.00045972884033,0.683594008861161,0.416401515151515,0.151765430229624,1.00091980495761,0.5,0.00397546569741,0.015901862789641,0.001363016810541,733.666666666667,3,2,2201,3,0.054808867354724,0.958873366888498,-2.03478316511846,2,-0.094807828534386,0.907651405879656,0.000908677873694
"trial.csv",7.16E-05,0.016752577319588,0.223743129741234,37.2480159164747,613.326581670406,1.90697978529059,1.62327419934843,6.62573529411765,88.4907709213806,1.30730435294118,219.095294117647,6.27700479078229,2.41352941176471,1.34411764705882,0.088235294117647,0,12,217.751176470588,13.0996118717296,6.04465601923735,0.185904594915211,3.62899019187074,613.326581670406,0.5,0,0.007731958762887,0.021907216494845,45.6470588235294,17,0,776,17,0.135982552503887,1.51648682291447,-1.33298576180407,2,2.5805671277318,0.953479191598544,0.002577319587629
"TUANDROMD.csv",0,0.851702508960573,,0.00441202932311,0.036732399868416,0,0,0.062240663900415,225.478070319478,0,0.825726141078838,0.059663104745758,0.037344398340249,0,0.150691562932227,42,184,0.825726141078838,0.136084231650006,9.2454876777006,0.587044421490485,0.035587105963956,0.036732399868416,0.5,4.35E-05,0.016129032258065,0.053987455197133,18.5228215767635,241,199,4464,241,0.281772417553157,0.187405836354238,0.923609544778102,2,0.199195330810617,0.724697190905488,0.000448028673835
"Turkish_music.csv",0,0.03,0.118982310220019,4600.1094862515,142861.705132835,,,142.91981,3.4688964144262,104.872200258,580.02698,260.7279905,255.15433,50.07158,0.033469387755102,3,38,529.9554,100.543216563098,0.526906993051227,0.002825192231296,256.359158583333,142861.705132835,0,4.90E-05,0.015,0.125,8,50,0,400,50,0.022476813559941,2.7993932860808,0,4,7.17885271977153,1,0.01
"vehicle0.csv",0,0,0.407056534919119,278.446154650724,2025.5889786488,113.838670848547,111.362871917064,34.5694444444444,5.09647653812027,21.1682333333333,198.888888888889,117.634948778566,111.555555555556,78.3888888888889,0.392156862745098,0,8,120.5,22.7708391720963,1.03788710090791,0.024529774191605,114.903215223097,2025.5889786488,0.5,0,0.014184397163121,0.021276595744681,47,18,0,846,18,0.08895199891533,3.09292975417982,-0.21301939254574,2,7.94118767282775,0.78700833293397,0.002364066193853
"vehicle1.csv",0,0,0.407056534919119,278.446154650724,2025.5889786488,113.838670848547,111.362871917064,34.5694444444444,5.09647653812027,21.1682333333333,198.888888888889,117.634948778566,111.555555555556,78.3888888888889,0.392156862745098,0,8,120.5,22.7708391720963,1.03788710090791,0.024529774191605,114.903215223097,2025.5889786488,0.666666666666667,0,0.015366430260047,0.021276595744681,47,18,0,846,18,0.102044390475228,3.09292975417982,-0.404614177624502,3,7.98634790184418,0.950746386897165,0.002364066193853
"vehicle2.csv",0,0,0.407056534919119,278.446154650724,2025.5889786488,113.838670848547,111.362871917064,34.5694444444444,5.09647653812027,21.1682333333333,198.888888888889,117.634948778566,111.555555555556,78.3888888888889,0.392156862745098,0,8,120.5,22.7708391720963,1.03788710090791,0.024529774191605,114.903215223097,2025.5889786488,0.666666666666667,0,0.015366430260047,0.021276595744681,47,18,0,846,18,0.131867305049139,3.09292975417982,-0.40024962065428,3,7.95903536186134,0.940532055577573,0.002364066193853
"vehicle3.csv",0,0,0.407056534919119,278.446154650724,2025.5889786488,113.838670848547,111.362871917064,34.5694444444444,5.09647653812027,21.1682333333333,198.888888888889,117.634948778566,111.555555555556,78.3888888888889,0.392156862745098,0,8,120.5,22.7708391720963,1.03788710090791,0.024529774191605,114.903215223097,2025.5889786488,0.666666666666667,0,0.018912529550828,0.021276595744681,47,18,0,846,18,0.121223051487699,3.09292975417982,-0.404615553699556,3,7.98547423162992,0.950746386897165,0.002364066193853
"Wholesale customers data.csv",0,0,0.221452557077483,9179830.20829759,51284040.8163973,2477.4642743412,561.343206392369,5122.32142857143,42.3509448836494,2946.2439,61153,4746.95422077922,2885.35714285714,13.2857142857143,0.142857142857143,0,6,61139.7142857143,5996.32526556532,4.20124566160724,0.047488138803502,3260.35227272727,51284040.8163972,0.5,0.002272727272727,0.022727272727273,0.015909090909091,62.8571428571429,7,0,440,7,0.041993860122256,2.50182137771182,1.93706784045799,2,1.30891177306475,0.907322645189685,0.004545454545455
"wine imbalance.csv",0,0,0.304957481350349,40.5707659467767,7645.50038396717,64.2145256191111,59.7797834830276,39.9298076923077,-0.06027572892649,25.0798896923077,148.29,69.1336629209162,63.315,28.9707692307692,0.179487179487179,1,7,119.319230769231,26.1777852313261,0.34428888596094,0.006196757204043,65.0711082621083,7645.50038396718,0,0,0.00561797752809,0.073033707865169,13.6923076923077,13,0,178,13,0.073268233627968,2.31727067117407,3.61704259738991,3,4.71756549796192,0.988554793026509,0.01123595505618
"wine.data",0,0,0.302442917158081,39.9083617092243,7644.12783766806,64.0721957835968,59.6580972321931,39.9707692307692,-0.047175459309511,24.789072,148.29,68.9831794867449,63.1976923076923,28.9707692307692,0.179487179487179,1,7,119.319230769231,26.1674879510584,0.348460445710094,0.006244564001193,64.806718907261,7644.12783766806,0,0,0.005649717514124,0.073446327683616,13.6153846153846,13,0,177,13,0.079015653449025,2.31722203952825,3.61496578635142,3,4.72221584373743,0.988431801378592,0.011299435028249
"wine5cn10-nc.csv",0,0,0.304957481350349,40.5707659467767,7645.50038396717,64.2145256191111,59.7797834830276,39.9298076923077,-0.06027572892649,25.0798896923077,148.29,69.1336629209162,63.315,28.9707692307692,0.179487179487179,1,7,119.319230769231,26.1777852313261,0.34428888596094,0.006196757204043,65.0711082621083,7645.50038396718,0,0,0.00561797752809,0.073033707865169,13.6923076923077,13,0,178,13,0.071401114879527,2.31727067117407,3.61704259738991,3,4.71756549796192,0.988554793026509,0.01123595505618
"winequality-red.csv",0,0.150093808630394,0.19982324196321,4.76619315114187,108.89063760407,6.88810521915547,5.87636914062457,5.39747590909091,8.26498451364447,3.70395666709091,37.9549718181818,8.13421922451532,7.09870454545455,2.28109727272727,0.109090909090909,0,11,35.6738745454545,4.39262548450978,1.67995752047038,0.009414729613128,7.24545222495507,108.89063760407,0.666666666666667,5.21E-05,0.006253908692933,0.006879299562226,145.363636363636,11,0,1599,11,0.023440632118688,3.44405194238447,-0.495055817844448,6,48.8419413395142,0.661155292206029,0.006253908692933
"winequality-white.csv",0,0.191302572478563,0.178266246729611,10.8380076677351,193.031058098144,17.1849359103401,15.813789886,8.51621613636364,7.05367625503618,6.11897863309091,75.6586345454546,18.43268707246,17.7878854545455,2.49237363636364,0.072727272727273,0,10,73.1662609090909,6.10577528363978,1.29962377174141,0.007836986170969,17.9888230425685,193.031058098144,0.714285714285714,0.00051041241323,0.013270722743977,0.002245814618212,445.272727272727,11,0,4898,11,0.014622108245347,3.97274806392307,-0.384762669635631,7,32.9424433463278,0.663156239564837,0.002245814618212
"yeast-0-5-6-7-9_vs_4.csv",0,0.001893939393939,0.090533737533601,0.001161686437772,0.010596888970948,0.375905448194277,0.364532196009195,0.10125,35.9374046629415,0.069496875,0.86375,0.388179450757576,0.375625,0.1825,0.035714285714286,0,7,0.68125,0.094477854477457,3.29260510162935,0.117978721967396,0.379044811320755,0.010596888970948,0.5,0,0.015151515151515,0.015151515151515,66,8,1,528,8,0.016694746760847,2.06055584257733,1.68611809260692,2,4.21081593519719,0.458094924367591,0.003787878787879
"yeast-1_vs_7.csv",0,0.008714596949891,0.072813418729593,0.000706662933652,0.009295347775209,0.316854922434795,0.309003065380118,0.102857142857143,24.6549992898017,0.069894,0.85,0.428120136943666,0.417142857142857,0.165714285714286,0,1,7,0.684285714285714,0.090679402766162,1.84958870131343,0.086973627383878,0.419984528107272,0.009295347775209,0.5,0,0.019607843137255,0.015250544662309,65.5714285714286,7,1,459,7,0.013025194946607,2.34889841530858,0.428383961951409,2,5.23882883812003,0.348362469436552,0.004357298474946
"yeast-2_vs_4.csv",0,0.04863813229572,0.115692991738332,0.001013404972656,0.007934818502969,0.309456932155932,0.304096634273294,0.07375,79.3542261909156,0.05003775,0.8625,0.375727140077821,0.36375,0.1625,0.035714285714286,0,8,0.7,0.0820640746063,4.69695448185479,0.138614845935705,0.367862903225806,0.007934818502969,0.5,0,0.013618677042802,0.01556420233463,64.25,8,2,514,8,0.015496553734224,2.06983464064483,5.35434094717171,2,4.30335073853106,0.466523860691863,0.003891050583658
"yeast-2_vs_8.csv",0,0.051867219917013,0.116735755316921,0.000834145206033,0.008349113620483,0.307323297234759,0.302905199602588,0.069375,23.7040543084633,0.04633125,0.875,0.374242738589212,0.3625,0.1775,0,2,8,0.6975,0.087788882202549,2.85527005080499,0.119313796457164,0.365081896551724,0.008349113620483,0.5,0,0.014522821576764,0.016597510373444,60.25,8,1,482,8,0.013387355837012,1.96032158697645,2.50892151663527,2,4.6561064001935,0.249099670188539,0.004149377593361
"yeast.data",0,0,0.087111082052835,2991.83998257524,35961.5007121608,0.196069114673771,0.191460788952563,146.169,22.5590942819958,108.4240206,294.956,147.530652730951,147.894,0.095,0.044444444444445,0,8,294.861,84.8805396318701,2.32396115723076,0.092080148099713,147.606399551066,35961.5007121608,0.8,0.000183902409122,0.005394470667566,0.006743088334457,148.3,10,1,1483,10,0.018236236923686,2.60871946883586,-0.984319916857489,10,3.81515701982637,0.74966674302704,1.18273769386379
"yeast1.csv",0,0.02088948787062,0.08927313518066,0.001078270383237,0.010407774277617,0.245101211733368,0.239341798605838,0.08625,28.5178429256537,0.05745075,0.945,0.381196933962264,0.3675,0.11875,0.035714285714286,0,8,0.82625,0.096664034347213,2.90694148407036,0.115099317393092,0.371079035874439,0.010407774277617,0.5,0,0.018194070080863,0.005390835579515,185.5,8,1,1484,8,0.008720906375672,2.41983491377228,-0.394798370667687,2,4.19798178521348,0.867534473332695,0.001347708894879
"yeast3.csv",0,0.02088948787062,0.08927313518066,0.001078270383237,0.010407774277617,0.245101211733368,0.239341798605838,0.08625,28.5178429256537,0.05745075,0.945,0.381196933962264,0.3675,0.11875,0.035714285714286,0,8,0.82625,0.096664034347213,2.90694148407036,0.115099317393092,0.371079035874439,0.010407774277617,0.5,0,0.016172506738545,0.005390835579515,185.5,8,1,1484,8,0.008720906375672,2.41983491377228,-0.235882993777927,2,4.16615863361795,0.49942795375239,0.001347708894879
"yeast4.csv",0,0.02088948787062,0.08927313518066,0.001078270383237,0.010407774277617,0.245101211733368,0.239341798605838,0.08625,28.5178429256537,0.05745075,0.945,0.381196933962264,0.3675,0.11875,0.035714285714286,0,8,0.82625,0.096664034347213,2.90694148407035,0.115099317393092,0.371079035874439,0.010407774277617,0.5,0,0.018194070080863,0.005390835579515,185.5,8,1,1484,8,0.008720906375672,2.41983491377228,-0.104362853381717,2,4.14808987513436,0.21583811252498,0.001347708894879
"yeast5.csv",0,0.02088948787062,0.08927313518066,0.001078270383237,0.010407774277617,0.245101211733368,0.239341798605838,0.08625,28.5178429256537,0.05745075,0.945,0.381196933962264,0.3675,0.11875,0.035714285714286,0,8,0.82625,0.096664034347213,2.90694148407036,0.115099317393092,0.371079035874439,0.010407774277617,0.5,0,0.018194070080863,0.005390835579515,185.5,8,1,1484,8,0.008720906375672,2.41983491377228,-0.093307525444539,2,4.1465508999277,0.192631542432951,0.001347708894879
"yeast5cn21.csv",0,0.02088948787062,0.08927313518066,0.001078270383237,0.010407774277617,0.245101211733368,0.239341798605838,0.08625,28.5178429256537,0.05745075,0.945,0.381196933962264,0.3675,0.11875,0.035714285714286,0,8,0.82625,0.096664034347213,2.90694148407036,0.115099317393092,0.371079035874439,0.010407774277617,0.8,0,0.015498652291105,0.005390835579515,185.5,8,1,1484,8,0.008720906375672,2.41983491377228,-0.984472688222863,10,4.27810427130037,0.74969041023664,0.001347708894879
"yeast6.csv",0,0.02088948787062,0.08927313518066,0.001078270383237,0.010407774277617,0.245101211733368,0.239341798605838,0.08625,28.5178429256537,0.05745075,0.945,0.381196933962264,0.3675,0.11875,0.035714285714286,0,8,0.82625,0.096664034347213,2.90694148407036,0.115099317393092,0.371079035874439,0.010407774277617,0.5,0,0.017520215633423,0.005390835579515,185.5,8,1,1484,8,0.008720906375672,2.41983491377228,-0.078229232555719,2,4.14439712141048,0.161121206087741,0.001347708894879
"yeastimbalance.csv",0,0.02088948787062,0.08927313518066,0.001078270383237,0.010407774277617,0.245101211733368,0.239341798605838,0.08625,28.5178429256537,0.05745075,0.945,0.381196933962264,0.3675,0.11875,0.035714285714286,0,8,0.82625,0.096664034347213,2.90694148407036,0.115099317393092,0.371079035874439,0.010407774277617,0.8,0,0.015498652291105,0.005390835579515,185.5,8,1,1484,8,0.008720906375672,2.41983491377228,-0.984472688222863,10,4.27810427130037,0.74969041023664,0.001347708894879
"zoo.data",0,0,0.241642633294622,0.20119578134284,48.8216458704694,0,0,3.44117647058824,-0.256873973334925,2.2239,7.11764705882353,3.41823529411765,3.38235294117647,0,0.117647058823529,0,9,7.11764705882353,2.19011683487088,0.366329887183366,0.446034918405685,3.39411764705882,48.8216458704694,0.857142857142857,0,0,0.17,5.88235294117647,17,15,100,17,0.180945781933676,0.834087814121908,-83.5463256972059,7,1.07113784816423,0.855379181443445,0.02
